ABASSI; ABASSIS
ABECEDARIAN; ABECEDARY
ABELIAN; ABELITE; ABELONIAN
ABERRANCE; ABERRANCY
ABETTER; ABETTOR
ABIETIN; ABIETINE
ABIME; ABYME
ABLE; -ABLE; IBLE; -IBLE
ABLET; ABLEN
ABOMASUM; ABOMASUS
ABOVE-MENTIONED; ABOVE-NAMED
ABRAHAMITIC; ABRAHAMITICAL
ABRAHAM-MAN; ABRAM-MAN
ABRAUM; ABRAUM SALTS
ABSINTHE; ABSINTH
ABY; ABYE
ACACIN; ACACINE
ACADEMIC; ACADEMICAL
ACALEPH; ACALEPHAN
ACALYCINE; ACALYSINOUS
ACAULOSE; ACAULOUS
ACCOUTER; ACCOUTRE
ACCOUTERMENTS; ACCOUTREMENTS
ACCURSED; ACCURST
ACESCENCE; ACESCENCY
ACETONAEMIA; ACETONEMIA
ACH; ACHE
ACHAEAN; ACHAIAN
ACHENE; ACHENIUM
ACHROODEXTRIN; ACHROOEDEXTRIN
ACICULATE; ACICULATED
ACINOSE; ACINOUS
ACONDDYLOSE; ACONDYLOUS
ACRASE; ACRAZE
ACRASIA; ACRASY
ACRIDITY; ACRIDNESS
ACRISIA; ACRISY
ACROAMATIC; ACROAMATICAL
ACROLITHAN; ACROLITHIC
ACRONYC; ACRONYCHAL
ACROPHONY; ACHROPHONY
ACROSTIC; ACROSTICAL
ACTINOZOON; ACTINOZOOEN
ACTIONARY; ACTIONIST
ADACTYL; ADACTYLOUS
ADAMIC; ADAMICAL
ADAPTABILITY; ADAPTABLENESS
ADDLE-BRAIN; ADDLE-HEAD; ADDLE-PATE
ADDLE-BRAINED; ADDLE-HEADED; ADDLE-PATED
ADEN-; ADENO-
ADENALGIA; ADENALGY
ADENOID; ADENOIDAL
ADIPOSENESS; ADIPOSITY
ADJACENCE; ADJACENCY
ADJUSTING PLANE; ADJUSTING SURFACE
ADMITTED; ADMITTEDLY
ADOOR; ADOORS
ADRENALINE; ADRENALIN
ADUNC; ADUNQUE
ADVERSIFOLIATE; ADVERSIFOLIOUS
ADVERTENCE; ADVERTENCY
ADVOUTRY; ADVOWTRY
ADZ; ADZE
AEOLIPILE; AEOLIPYLE
AERENCHYM; AERENCHYMA
AEROGRAPHIC; AEROGRAPHICAL
AEROLOGIC; AEROLOGICAL
AEROMECHANIC; AEROMECHANICAL
AERONAUTIC; AERONAUTICAL
AEROPHOBIA; AEROPHOBY
AEROSTATIC; AEROSTATICAL
AESOPIAN; ESOPIAN
AESOPIC; ESOPIC
AESTHESIOMETER; ESTHESIOMETER
AESTHETIC; AESTHETICAL
AESTHETICS; ESTHETICS
AFFEERER; AFFEEROR
AFRIT; AFRITE; AFREET
AFTERWARDS; AFTERWARD
AGA; AGHA
AGAIN; AGAINS
AGALACTIA; AGALAXY
AGALLOCH; AGALLOCHUM
AGAST; AGHAST
AGGLOMERATE; AGGLOMERATED
AGGRY; AGGRI
AGISTER; AGISTOR
AGLET; AIGLET
AGMINATE; AGMINATED
AGONISTIC; AGONISTICAL
AGOUTI; AGOUTY
AGRE; AGREE
AGRONOMIC; AGRONOMICAL
AGROSTOGRAPHIC; AGROSTOGRAPHICAL
AGROSTOLOGIC; AGROSTOLOGICAL
AIBLINS; ABLINS
AIGRET; AIGRETTE
AIRWARD; AIRWARDS
AJOUAN; AJOWAN
ALALONGA; ALILONGHI
ALATE; ALATED
ALATERN; ALATERNUS
ALBE; ALBEE
ALBIGENSES; ALBIGEOIS
ALBUMINOUS; ALBUMINOSE
ALCAID; ALCAYDE
ALCHEMIC; ALCHEMICAL
ALCHEMISTIC; ALCHEMISTICAL
ALCHYMIC; ALCHYMIST; ALCHYMISTIC; ALCHYMY
ALCOATE; ALCOHATE
ALCOHOLOMETER; ALCOHOLMETER
ALCOHOLOMETRIC; ALCOHOLOMETRICAL; ALCOHOLMETRICAL
ALCOHOMETER; ALCOHOMETRIC
ALCOOMETRY; ALCOOEMETRY
ALDER; ALLER
ALEPPO BOIL; ALEPPO BUTTON; ALEPPO EVIL
ALEUTIAN; ALEUTIC
ALEXANDERS; ALISANDERS
ALEXIPHARMAC; ALEXIPHARMACAL
ALEXIPHARMIC; ALEXIPHARMICAL
ALEXITERIC; ALEXITERICAL
ALFA ; ALFA GRASS
ALFILERIA; ALFILERILLA
ALGAROT; ALGAROTH
ALGATE; ALGATES
ALGEBRAIC; ALGEBRAICAL
ALGONQUIN; ALGONKIN
ALGORISM; ALGORITHM
ALHAMBRAIC; ALHAMBRESQUE
ALIETHMOID; ALIETHMOIDAL
ALISPHENOID; ALISPHENOIDAL
ALKALESCENCE; ALKALESCENCY
ALKALIMETRIC; ALKALIMETRICAL
ALKALOID; ALKALOIDAL
ALLANTOID; ALLANTOIDAL
ALLANTOIS; ALLANTOID
ALLEGHENIAN; ALLEGHANIAN
ALLEGHENY; ALLEGHANY
ALLEGORIC; ALLEGORICAL
ALLELUIA; ALLELUIAH
ALLHALLOW; ALLHALLOWS
ALLICE; ALLIS
ALLINEATION; ALINEEATION
ALLOPHYLIC; ALLOPHYLIAN
ALLOTROPIC; ALLOTROPICAL
ALLOTROPISM; ALLOTROPY
ALL SAINTS; ALL SAINTS'
ALMA; ALMAH
ALMADIA; ALMADIE
ALMAIN; ALMAYNE; ALMAN
ALME; ALMEH
ALMIGHTFUL; ALMIGHTIFUL
ALMUG; ALGUM
ALOPECIA; ALOPECY
ALPENHORN; ALPHORN
ALPHABETIC; ALPHABETICAL
ALPIST; ALPIA
ALTAIAN; ALTAIC
ALTHAEA; ALTHEA
ALUM SCHIST; ALUM SHALE
AMALGAMATE; AMALGAMATED
AMARANTHUS; AMARANTUS
AMARYLLIDACEOUS; AMARYLLIDEOUS
AMAZONITE; AMAZON STONE
AMB-; AMBI-
AMBARY; AMBARY HEMP
AMBASSADE; EMBASSADE
AMBASSADOR; EMBASSADOR
AMBLYOPIA; AMBLYOPY
AMEER; AMIR
AMETABOLIC; AMETABOLOUS
AMIDST; AMID
AMMONIAC; AMMONIACAL
AMOEBIFORM; AMOEBOID
AMONG; AMONGST
AMORTISE; AMORTISATION; AMORTISABLE; AMORTISEMENT
AMPERE; AMPERE
AMPERE HOUR; AMPERE MINUTE; AMPERE SECOND
AMPEREMETER; AMPEROMETER
AMPHICARPIC; AMPHICARPOUS
AMPHICOELIAN; AMPHICOELOUS
AMPHILOGISM; AMPHILOGY
AMPHIPOD; AMPHIPODAN
AMPHISCII; AMPHISCIANS
AMPHITHEATER; AMPHITHEATRE
AMPHITHEATRIC; AMPHITHEATRICAL
AMPHITROPAL; AMPHITROPOUS
AMPULLAR; AMPULLARY
AMPULLATE; AMPULLATED
AMSEL; AMZEL
AMYGDALOID; AMYGDALOIDAL
AMYLOID; AMYLOIDAL
ANABAPTISTIC; ANABAPTISTICAL
ANACANTHINI; ANACANTHS
ANACHORET; ANACHORETICAL
ANACHRONIC; ANACHRONICAL
ANAEROBIA; ANAEROBES
ANAGLYPHIC; ANAGLYPHICAL
ANAGOGIC; ANAGOGICAL
ANAGRAMMATIC; ANAGRAMMATICAL
ANAKIM; ANAKS
ANALECTS; ANALECTA
ANALEPSIS; ANALEPSY
ANALGEN; ANALGENE
ANALYSE; ANALYSER
ANALYTIC; ANALYTICAL
ANAPAEST; ANAPAESTIC
ANARCHIC; ANARCHICAL
ANATHEMATIC; ANATHEMATICAL
ANATOMIC; ANATOMICAL
ANATROPAL; ANATROPOUS
ANBURY; AMBURY
ANCHORET; ANCHORITE
ANCHORETIC; ANCHORETICAL
ANCHYLOSIS; ANKYLOSIS
ANCIPITAL; ANCIPITOUS
ANCON; ANCONE
ANCONAL; ANCONEAL
ANDRODIOECIOUS; ANDRODIECIOUS
ANDROGYNOUS; ANDROGYNAL
ANDROGYNY; ANDROGYNISM
ANDROID; ANDROIDES
ANDROMEDE; ANDROMED
ANECDOTIC; ANECDOTICAL
ANEMOMETRIC; ANEMOMETRICAL
ANENCEPHALIC; ANENCEPHALOUS
ANENST; ANENT
ANERGIA; ANERGY
ANESTHESIA; ANESTHETIC
ANGEIOLOGY; ANGEIOTOMY
ANGELIC; ANGELICAL
ANGINOUS; ANGINOSE
ANGULATE; ANGULATED
ANGUSTIFOLIATE; ANGUSTIFOLIOUS
ANI; ANO
ANICUT; ANNICUT
ANIDIOMATIC; ANIDIOMATICAL; UNIDIOMATIC; UNIDIOMATICAL
ANIENT; ANIENTISE
ANIGHT; ANIGHTS
ANIMALCULAR; ANIMALCULINE
ANIMOSE; ANIMOUS
ANISODACTYLA; ANISODACTYLS
ANISOTROPE; ANISOTROPIC
ANN; ANNAT
ANNATS; ANNATES
ANNELID; ANNELIDAN
ANNOTTO; ARNOTTO
ANNULATE; ANNULATED
ANOMALIPED; ANOMALIPEDE
ANOMALISTIC; ANOMALISTICAL
ANOMURA; ANOMOURA
ANOMURAL; ANOMURAN
ANOPLOTHERE; ANOPLOTHERIUM
ANOPSIA; ANOPSY
ANOREXIA; ANOREXY
ANOXAEMIA; ANOXEMIA
ANTAGONISTIC; ANTAGONISTICAL
ANTALKALI; ANTALKALINE
ANTARCHISTIC; ANTARCHISTICAL
ANTEPENULT; ANTEPENULTIMA
ANTES; ANTAE
ANTHEROZOID; ANTHEROZOOID
ANTHROPIC; ANTHROPICAL
ANTHROPOLOGIC; ANTHROPOLOGICAL
ANTHROPOMETRIC; ANTHROPOMETRICAL
ANTHROPONOMICS; ANTHROPONOMY
ANTHROPOPATHIC; ANTHROPOPATHICAL
ANTHROPOPATHISM; ANTHROPOPATHY
ANTHROPOPHAGIC; ANTHROPOPHAGICAL
ANTICHRISTIANISM; ANTICHRISTIANITY
ANTIMONARCHIC; ANTIMONARCHICAL
ANTIPATHETIC; ANTIPATHETICAL
ANTIPHRASTIC; ANTIPHRASTICAL
ANTIPUTREFACTIVE; ANTIPUTRESCENT
ANTISCIANS; ANTISCII
ANTISCOLETIC; ANTISCOLIC
ANTISEPTIC; ANTISEPTICAL
ANTITHETIC; ANTITHETICAL
ANTITOXIN; ANTITOXINE
ANTITROPAL; ANTITROPOUS
ANTOECI; ANTOECIANS
ANYWAY; ANYWAYS
APAGOGIC; APAGOGICAL
APAR; APARA
APATHETIC; APATHETICAL
APHASIA; APHASY
APHONIA; APHONY
APHONIC; APHONOUS
APHORISMATIC; APHORISMIC
APHORISTIC; APHORISTICAL
APHRODISIAC; APHRODISIACAL
APICULATE; APICULATED
APNOEA; APNEA
APOCALYPTIC; APOCALYPTICAL
APOCALYPTIC; APOCALYPTIST
APOCOPATE; APOCOPATED
APOCRISIARY; APOCRISIARIUS
APOCYNACEOUS; APOCYNEOUS
APOD; APODAL
APOD; APODE
APODEICTIC; APODICTIC; APODEICTICAL; APODICTICAL
APODEICTICALLY; APODICTICALLY
APOLLONIAN; APOLLONIC
APOLOGETIC; APOLOGETICAL
APOMORPHIA; APOMORPHINE
APOPHTHEGMATIC; APOPHTHEGMATICAL
APOPLECTIC; APOPLECTICAL
APOPLECTIFORM; APOPLECTOID
APOSTIL; APOSTILLE
APOSTOLIC; APOSTOLICAL
APOSTOLICISM; APOSTOLICITY
APOTHEGM; APOPHTHEGM
APOTHEGMATIC; APOTHEGMATICAL
APPENDECTOMY; APPENDICECTOMY
APPENDENCE; APPENDENCY
APPERTINANCE; APPERTINENCE
APPRESSED; APPREST
APYREXIA; APYREXY
AQUARIAL; AQUARIAN
AQUATINT; AQUATINTA
ARAMAEAN; ARAMEAN
ARANEIDA; ARANEOIDEA
ARBALEST; ARBALIST
ARBALESTER; ARBALISTER
ARBUTUS; ARBUTE
ARCADIAN; ARCADIC
ARCHAEOLOGIC; ARCHAEOLOGICAL
ARCHEOLOGY; ARCHEOLOGICAL
ARCHIMAGE; ARCHIMAGUS
ARCHITECTONIC; ARCHITECTONICAL
ARCHLUTE; ARCHILUTE
ARCUATE; ARCUATED
-ARD; -ART
AREAD; AREED
ARECOLINE; ARECOLIN
ARENG; ARENGA
AREOLATE; AREOLATED
AREOMETRIC; AREOMETRICAL
ARGAL; ARGALI
ARGENTAMINE; ARGENTAMIN
ARHIZAL; ARHIZOUS; ARHYTHMIC; ARHYTHMOUS
ARIEL; ARIEL GAZELLE
ARIETTA; ARIETTE
ARIL; ARILLUS
ARILLATE; ARILLATED; ARILED
ARISTOCRATIC; ARISTOCRATICAL
ARMISONANT; ARMISONOUS
ARMORIC; ARMORICAN
ARMOZEEN; ARMOZINE
ARNA; ARNEE
ARNAUT; ARNAOUT
ARNOT; ARNUT
AROID; AROIDEOUS
AROMATIC; AROMATICAL
ARPENT; ARPEN
ARQUEBUS; ARQUEBUSE
ARRAIMENT; ARRAYMENT
ARRASWISE; ARRASWAYS
ARRECT; ARRECTED
ARRHIZAL; ARRHIZOUS
ARRHYTHMIC; ARRHYTHMOUS
ARTHRITIC; ARTHRITICAL
ARTHRODIAL; ARTHRODIC
ARTICULAR; ARTICULARY
ARTISTIC; ARTISTICAL
ARTOCARPEOUS; ARTOCARPOUS
ASAFETIDA; ASAFOETIDA
ASBESTUS; ASBESTOS
ASCENDANCY; ASCENDANCE
ASCENDANT; ASCENDENT
ASCESSANCY; ASCESSANT
ASCII; ASCIANS
ASCITIC; ASCITICAL
ASH-FURNACE; ASH-OVEN
ASHLAR; ASHLER
ASHLARING; ASHLERING
ASINEGO; ASSINEGO
ASIPHONEA; ASIPHONATA; ASIPHONIDA
ASKANCE; ASKANT
ASPEN; ASP
ASPERGILL; ASPERGILLUM
ASPERIFOLIATE; ASPERIFOLIOUS
ASPHALT; ASPHALTUM
ASPHYXIA; ASPHYXY
ASPHYXIATED; ASPHYXIED
ASPIRATE; ASPIRATED
ASSAGAI; ASSEGAI
ASSAPAN; ASSAPANIC
ASSOILZIE; ASSOILYIE
ASTERIOIDEA; ASTERIDEA
ASTHENIA; ASTHENY
ASTHMATIC; ASTHMATICAL
ASTOMATOUS; ASTOMOUS
ASTON; ASTONE
ASTROFEL; ASTROFELL
ASTROLOGIC; ASTROLOGICAL
ASYMMETRIC; ASYMMETRICAL
ATARAXIA; ATARAXY
ATAUNT; ATAUNTO
ATAXIA; ATAXY
ATELETS SAUCE; SAUCE AUX HATELETS
ATHANASIA; ATHANASY
ATHEISTIC; ATHEISTICAL
ATHENEUM; ATHENAEUM
ATMOLOGIC; ATMOLOGICAL
ATMOSPHERIC; ATMOSPHERICAL
ATOMIC; ATOMICAL
ATRABILARIAN; ATRABILARIOUS
ATRAMENTAL; ATRAMENTOUS
ATTAGAS; ATTAGEN
ATTENTATE; ATTENTAT
ATTENUATE; ATTENUATED
ATTESTER; ATTESTOR
ATYPIC; ATYPICAL
AUGHT; AUCHT
AUGUSTINE; AUGUSTINIAN
AUGUSTINIANISM; AUGUSTINISM
AULD LICHT; AULD LIGHT
AULNAGE; AULNAGER
AUNTER; AUNTRE
AUNTIE; AUNTY
AUREOLA; AUREOLE
AURICULATE; AURICULATED
AUTOBIOGRAPHIC; AUTOBIOGRAPHICAL
AUTOCARPOUS; AUTOCARPIAN
AUTOCHTHONAL; AUTHOCHTHONIC; AUTOCHTHONOUS
AUTOCRATIC; AUTOCRATICAL
AUTOGRAPHIC; AUTOGRAPHICAL
AUTOMATIC; AUTOMATICAL
AUTOPSIC; AUTOPSICAL
AUTOPTIC; AUTOPTICAL
AUTOSCHEDIASTIC; AUTOSCHEDIASTICAL
AUTOTOXAEMIA; AUTOTOXEMIA
AVE MARIA; AVE MARY
AVERNAL; AVERNIAN
AVIATRESS; AVIATRIX
AVOCET; AVOSET
AWREAK; AWREKE
AX; AXE
AXE; AXEMAN
AXILLARIES; AXILLARS
AXIOMATIC; AXIOMATICAL
AXMINSTER; AXMINSTER CARPET
AYE; AY
AYEN; AYEIN; AYEINS
AYRIE; AYRY
AZOTINE; AZOTIN
AZYM; AZYME
BAALIST; BAALITE
BABIAN; BABION
BABIROUSSA; BABIRUSSA
BABISM; BABIISM
BABOO; BABU
BABUL; BABOOL
BABYLONIC; BABYLONICAL
BABYROUSSA; BABYRUSSA
BACCARA; BACCARAT
BACCARE; BACKARE
BACCHIC; BACCHICAL
BACHARACH; BACKARACK
BACKPIECE; BACKPLATE
BACKRACK; BACKRAG
BACKSHEESH; BACKSHISH
BACKSTAIRS; BACKSTAIR
BACKWARD; BACKWARDS
BACTEROID; BACTEROIDAL
BAGUET; BAGUETTE
BAHADUR; BAHAUDUR
BAKEMEAT; BAKED-MEAT
BAKSHEESH; BAKSHISH
BALBUTIATE; BALBUCINATE
BALDPATE; BALDPATED
BALLAHOO; BALLAHOU
BALSAMIC; BALSAMICAL
BALTIMORE BIRD; BALTIMORE ORIOLE
BANC; BANCUS; BANK
BANDANNA; BANDANA
BANDELET; BANDLET
BANDEROLE; BANDROL
BANDOLEER; BANDOLIER
BANG; BANGUE
BANQUETTER; BANQUETER
BANSHEE; BANSHIE
BANSSHEE; BANSHIE
BAPTISTERY; BAPTISTRY
BARAESTHESIOMETER; BARESTHESIOMETER
BARBADOS; BARBADOES
BARBICAN; BARBACAN
BARBICANAGE; BARBACANAGE
BARBIZON SCHOOL; BARBISON SCHOOL
BARD; BARDE
BAREHEADED; BAREHEAD
BARK; BARQUE
BARLEYBRAKE; BARLEYBREAK
BAROMETRIC; BAROMETRICAL
BAROSCOPIC; BAROSCOPICAL
BARRACUDA; BARRACOUTA
BARRELED; BARRELLED
BARYTONE; BARITONE
BASILAR; BASILARY
BASILIC; BASILICAL
BASISPHENOID; BASISPHENOIDAL
BASSA; BASSAW
BASSO-RILIEVO; BASSO-RELIEVO
BASTILE; BASTILLE
BATATAS; BATATA
BATHYMETRIC; BATHYMETRICAL
BAT'S-WING; BATWING
BATTELER; BATTLER
BATTLE-AX; BATTLE-AXE
BAUK; BAULK
BAUXITE; BEAUXITE
BAWSIN; BAWSON
BAYAD; BAYATTE
BAYS; BAYZE
BAZAAR; BAZAR
BEADHOUSE; BEDEHOUSE
BEADSMAN; BEDESMAN
BEADSWOMAN; BEDESWOMAN
BEAR; BERE
BEATIFIC; BEATIFICAL
BEBEERINE; BEBIRINE
BEBLOOD; BEBLOODY
BECUIBA; BECUIBA NUT
BEDEGUAR; BEDEGAR
BEDEL; BEDELL
BEDFERE; BEDPHERE
BED-MOLDING; BED-MOULDING
BEDPIECE; BEDPLATE
BEDRID; BEDRIDDEN
BEDRIGHT; BEDRITE
BEETE; BETE
BEGHARD; BEGUARD
BEHEN; BEHN
BELDAM; BELDAME
BELLETRISTIC; BELLETRISTICAL
BELLIC; BELLICAL
BELLIGERENCE; BELLIGERENCY
BELOOCHE; BELOOCHEE
BELTEIN; BELTIN
BEN; BEN NUT
BENE; BEN
BENEDICT; BENEDICK
BENGALEE; BENGALI
BENZOLE; BENZOL
BENZONAPHTHOL; BENZONAPHTOL
BERM; BERME
BERSERK; BERSERKER
BESAIEL; BESAILE; BESAYLE
BESCUMBER; BESCUMMER
BESIDES; BESIDE
BETACISM; BETACISMUS
BETHLEHEMITE; BETHLEMITE
BETIME; BETIMES
BEVELED; BEVELLED
BEVILED; BEVILLED
BEZOARTIC; BEZOARTICAL
BHEESTY; BHEESTIE
BHISTEE; BHISTI
BI; BI-
BIANGULATE; BIANGULATED
BIAXAL; BIAXIAL
BIB; BIBBE
BIBLIOGRAPHIC; BIBLIOGRAPHICAL
BIBLIOLATER; BIBLIOLATRIST
BIBLIOPOLIC; BIBLIOPOLAR
BIBLIOTAPH; BIBLIOTAPHIST
BICALLOSE; BICALLOUS
BICARBURETED; BICARBURETTED
BICE; BISE
BICKFORD FUSE; BICKFORD FUZE; BICKFORD MATCH
BICOLOR; BICOLORED
BICORN; BICORNED; BICORNOUS
BICUSPID; BICUSPIDATE
BIDARKEE; BIDARKA
BIESTINGS; BEESTINGS
BIFLORATE; BIFLOROUS
BIFURCATE; BIFURCATED
BIG; BIGG
BIGARREAU; BIGAROON
BIGGIN; BIGGING
BIGGON; BIGGONNET
BILAMELLATE; BILAMELLATED
BILAMINAR; BILAMINATE
BILIMBI; BILIMBING
BILLBEETLE; BILLBUG
BILLPOSTER; BILLSTICKER
BILLYCOCK; BILLYCOCK HAT
BIN; BIN-
BINUCLEAR; BINUCLEATE
BIODYNAMIC; BIODYNAMICAL
BIOGENESIS; BIOGENY
BIOGRAPHIC; BIOGRAPHICAL
BIOLOGIC; BIOLOGICAL
BIOPHOR; BIOPHORE
BIOPSYCHIC; BIOPSYCHICAL
BIPECTINATE; BIPECTINATED
BIPENNATE; BIPENNATED
BIPINNATE; BIPINNATED
BIPONT; BIPONTINE
BIRADIATE; BIRADIATED
BIRD CAGE; BIRDCAGE
BIRD'S NEST; BIRD'S-NEST
BIROSTRATE; BIROSTRATED
BIS; BIS-
BISERIAL; BISERIATE
BISETOSE; BISETOUS
BISKARA BOIL; BISKARA BUTTON
BISMARE; BISMER
BISMUTHINE; BISMUTHINITE
BISTER; BISTRE
BITO; BITO TREE
BITTOR; BITTOUR
BLACK SNAKE; BLACKSNAKE
BLACK WASH; BLACKWASH
BLANDILOQUOUS; BLANDILOQUIOUS
BLANKET MORTGAGE; BLANKET POLICY
BLASTODERMATIC; BLASTODERMIC
BLASTOPHORAL; BLASTOPHORIC
BLECK; BLEK
BLENNIOID; BLENNIID
BLIMBI; BLIMBING
BLIND; BLINDE
BLONCKET; BLONKET
BLOND; BLONDE
BLOODWITE; BLOODWIT
BLOWEN; BLOWESS
BLUE BONNET; BLUE-BONNET
BLUENOSE; BLUENOSER
BOBSLED; BOBSLEIGH
BODHISAT; BODHISATTVA; BODHISATTWA
BOLDO; BOLDU
BOLEY; BOLYE
BOLN; BOLLEN
BOMBARDO; BOMBARDON
BOMBASTIC; BOMBASTICAL
BOMBAZET; BOMBAZETTE
BONASUS; BONASSUS
BONHOMIE; BONHOMMIE
BOOKLAND; BOCKLAND
BOOTES; BOOETES
BORDEL; BORDELLO
BORDRAG; BORDRAGING
BOROUGHMONGERING; BOROUGHMONGERY
BORRAGE; BORRAGINACEOUS
BOSKET; BOSQUET
BOTANIC; BOTANICAL
BOTHNIAN; BOTHNIC
BOTHY; BOOTHY
BOTRYOID; BOTRYOIDAL
BOTTONY; BOTTONE
BOUCHE; BOUCH
BOULE; BOULEWORK
BOULTEL; BOULTIN
BOUNTIHEAD; BOUNTYHOOD
BOURN; BOURNE
BOWLDER; BOULDER
BOYAR; BOYARD
BRACHYCEPHALIC; BRACHYCEPHALOUS
BRACHYCEPHALY; BRACHYCEPHALISM
BRACHYURAL; BRACHYUROUS
BRAHMAN; BRAHMIN
BRAHMANIC; BRAHMANICAL; BRAHMAN-ICAL; BRAHMINIC; BRAHMINICAL;
BRAHMANISM; BRAHMINISM
BRAHMANIST; BRAHMINIST
BRAISE; BRAIZE
BRAMIN; BRAMINIC
BRANDLING; BRANDLIN
BRANK; BRANKS
BRASIER; BRAZIER
BRASILIN; BRASILEIN
BREASTPLOW; BREASTPLOUGH
BREDE; BREEDE
BREECH PIN; BREECH SCREW
BREEZE; BREEZE FLY
BREN; BRENNE
BRENT; BRANT
BREST; BREAST
BREVIROSTRAL; BREVIROSTRATE
BRIC-A BRAC; BRIC-A-BRAC; BRIC A BRAC
BRIDEMAID; BRIDEMAN
BRIDGEING; BRIDGING
BRIER; BRIAR
BRIT; BRITT
BRITE; BRIGHT
BROADAX; BROADAXE
BROAD-LEAVED; BROAD-LEAFED
BROCKEN SPECTER; BROCKEN SPECTRE
BROMIDE PAPER; BROMID PAPER
BRONTOLITE; BRONTOLITH
BUGABOO; BUGBEAR
BUHL; BUHLWORK
BULIMIA; BULIMY
BULLFIGHT; BULLFIGHTING
BULLFIST; BULLFICE
BULL FLY; BULLFLY
BULLY; BULLY BEEF
BUN; BUNN
BUNCOMBE; BUNKUM
BUNODONTA; BUNODONTS
BUNSEN'S BATTERY; BUNSEN'S BURNER
BUNTING; BUNTINE
BUNYON; BUNION
BUR; BURR
BUREAUCRATIC; BUREAUCRATICAL
BURHEL; BURRHEL
BURNOOSE; BURNOUS
BURYING GROUND; BURYING PLACE
BUTT; BUT
BYZANT; BYZANTINE
CABALISTIC; CABALISTICAL
CABECA; CABESSE
CACAEMIA; CACHAEMIA
CACHAEMIA; CACHEMIA
CACHECTIC; CACHECTICAL
CACHEXIA; CACHEXY
CACOCHYMIA; CACOCHYMY
CACOCHYMIC; CACOCHYMICAL
CACOMIXLE; CACOMIXTLE; CACOMIXL
CACOPHONIC; CACOPHONICAL; CACOPHONOUS; CACOPHONIOUS
CACOXENE; CACOXENITE
CADASTRE; CADASTER
CADAVERINE; CADAVERIN
CADDICE; CADDIS
CADEW; CADEWORM
CADIE; CADDIE
CAESAREAN; CAESARIAN
CAFENET; CAFENEH
CAFILA; CAFILEH
CALAMAR; CALAMARY
CALCARATE; CALCARATED
CALCEDONIC; CALCEDONIAN
CALCOGRAPHIC; CALCOGRAPHICAL
CALENDRIC; CALENDRICAL
CALIBER; CALIBRE
CALICULAR; CALICULATE
CALIF; CALIFATE
CALLIGRAPHIC; CALLIGRAPHICAL
CALLISTHENIC; CALLISTHENICS
CALOTTE; CALLOT
CALTROP; CALTRAP
CALVINISTIC; CALVINISTICAL
CALYCIFLORAL; CALLYCIFLOROUS
CALYCINAL; CALYCINE
CALYCULATE; CALYCULATED
CAMARA; CAMARA DOS PARES; CAMARADOS DEPUTADOS
CAMBROBRITON; CAMBRO-BRITON
CAMELBACKED; CAMEL-BACKED
CAMEMBERT; CAMEMBERT CHEESE
CAMISADE; CAMISADO
CAMOMILE; CHAMOMILE
CAMOUS; CAMOYS
CAMPESTRAL; CAMPESTRIAN
CAMPHORATE; CAMPORATED
CANADA; CANYADA
CANALICULATE; CANALICULATED
CANCELIER; CANCELEER
CANICULA; CANNICULA
CANNONEER; CANNONIER
CANNY; CANNEI
CANON; CANYON
CANONIC; CANNONICAL
CANTAR; CANTARRO
CANTRAP; CANTRIP
CANTRED; CANTREF
CANULA; CANULAR; CANULATED
CAPEL; CAPLE
CAPER BUSH; CAPER TREE
CAPERCAILZIE; CAPERCALLY
CAPITAN PASHA; CAPITAN PACHA
CAPITOLIAN; CAPITOLINE
CAPLIN; CAPLING
CAPRICIOSO; CAPRICCIOSO
CAPSULAR; CAPSULARY
CAPSULATE; CAPSULATED
CARACORE; CARACORA
CARAGEEN; CARAGHEEN
CARBONADE; CARBONADO
CARBONADO; CARBONADE
CARBORUNDUM CLOTH; CARBORUNDUM PAPER
CARBURETOR; CARBURETTOR
CARDIALGLA; CARDIALGY
CARIBBEAN; CARIBBEE
CARINATE; CARINATED
CARLINE; CAROLINE
CARLINE; CARLING
CARMELITE; CARMELIN
CARNOSE; CARNOUS
CAROL; CARROL
CAROTID; CAROTIDAL
CARPEL; CARPELLUM
CARRAGEEN; CARRIGEEN
CARTOGRAPHIC; CARTOGRAPHICAL
CARUNCLE; CARUNCULA
CARUNCULAR; CARUNCULOUS
CARUNCULATE; CARUNCULATED
CARYATIC; CARYATID
CASSEL BROWN; CASSEL EARTH
CASSUMUNAR; CASSUMUNIAR
CASTOR; CASTORITE
CASUISTIC; CASUISTICAL
CATACHRESTIC; CATACHRESTICAL
CATACLYSMAL; CATACLYSMIC
CATADIOPTRIC; CATADIOPTRICAL
CATALEPSY; CATALEPSIS
CATCHUP; CATSUP
CATECHETIC; CATECHETICAL
CATECHISTIC; CATECHISTICAL
CATENARY; CATENARIAN
CATHARTIC; CATHARICAL
CATHETERISM; CATHETERIZATION
CATHODOGRAPH; CATHODEGRAPH
CATNIP; CATMINT
CATOPTER; CATOPTRON
CATOPTRIC; CATOPTRICAL
CAUDATE; CAUDATED
CAUDICLE; CAUDICULA
CAUK; CAUKER
CAUSEWAY; CAUSEY
CAUSEWAYED; CAUSEYED
CAUSTIC; CAUSTICAL
CAVALERO; CAVALIERO
CAVESSON; CAVEZON
CAVIARE; CAVIAR
CAVIL; CAVILER; CAVILLER
CAVILOUS; CAVILLOUS
CAZIQUE; CAZIC
CELANDINE; CALANDINE
CELESTINE; CELESTITE
CELESTINE; CELESTINIAN
CENOBITIC; CENOBITICAL
CENTER; CENTRE
CENTERBIT; CENTREBIT
CENTERBOARD; CENTREBOARD
CENTERPIECE; CENTREPIECE
CENTIGRAM; CENTIGRAMME
CENTILITER; CENTILITRE
CENTIMETER; CENTIMETRE
CENTRAL; CENTRALE
CENTRIC; CENTRICAL
CENTURIATOR; CENTURIST
CEPHALALGIA; CEPHALALGY
CEPHALO; CEPHALO-
CEPHALOPOD; CEPHALOPODE
CEPHALOPODIC; CEPHALOPODOUS
CEREBELLAR; CEREBELLOUS
CEROGRAPHIC; CEROGRAPHICAL
CEROPLASTICS; CEROPLASTY
CERUSITE; CERUSSITE
CESAREAN; CESARIAN
CESTUY; CESTUI
CHABASITE; CABAZITE
CHABOUK; CHABUK
CHAFEWAX; CHAFFWAX
CHALCOGRAPHER; CHALCOGRAPHIST
CHALDRICH; CHALDER
CHAMP; CHAMPE
CHAR; CHARR
CHAR; CHARE
CHARLATANIC; CHARLATANICAL
CHARNECO; CHARNICO
CHARTOGRAPHER; CHARTOGRAPHIC; CHARTOGRAPHY
CHEAP-JACK; CHEAP-JOHN
CHEGOE; CHEGRE
CHEMOTAXIS; CHEMIOTAXIS
CHERUBIC; CHERUBICAL
CHIAROSCURO; CHIARO-OSCURO
CHIASM; CHIASMA
CHIBOUQUE; CHIBOUK
CHICHLING; CHICHLING VETCH
CHICLE; CHICLE GUM
CHIEFTAINCY; CHIEFTAINSHIP
CHIFFONIER; CHIFFONIERE
CHIGOE; CHIGRE
CHILIAN; CHILIARCH
CHILOSTOMA; CHILOSTOMATA
CHINCHONA; CHINCONA
CHIROGRAPHIC; CHIROGRAPHICAL
CHIROMANIST; CHIROMANTIST
CHIROMANTIC; CHIROMANTICAL
CHIRURGIC; CHIRURGICAL
CHIVARRAS; CHIVARROS
CHOKY; CHOKEY
CHOLIAMB; CHOLIAMBIC
CHOLIC; CHOLINIC
CHOP SUEY; CHOP SOOY
CHOREGRAPHIC; CHOREGRAPHICAL
CHOREUS; CHOREE
CHRONOGRAMMATIC; CHRONOGRAMMATICAL
CHRONOLOGIC; CHRONOLOGICAL
CHRONOLOGIST; CHRONOLOGER
CHRONOMETRIC; CHRONOMETRICAL
CHTHONOPHAGIA; CHTHONOPHAGY
CHUPRASSY; CHUPRASSIE
CHURME; CHIRM
CHUTNEY; CHUTNEE
CHYMIC; CHYMIST; CHYMISTRY
CILIATE; CILIATED
CILIFORM; CILIIFORM
CINEMATIC; CINEMATICAL
CIRCENSIAL; CIRCENSIAN
CIRCUMFLUENT; CIRCUMFLUOUS
CIRCUMFORANEAN; CIRCUMFORANEOUS
CIRCUMROTARY; CIRCUMROTATORY
CLAKE; CLAIK
CLAPBREAD; CLAPCAKE
CLARENCEUX; CLARENCIEUX
CLASSIC; CLASSICAL
CLASSICALITY; CLASSICALNESS
CLAVATE; CLAVATED
CLEARSTORY; CLERESTORY
CLEISTOGAMIC; CLEISTOGAMOUS
CLEW; CLUE
CLINICAL; CLINIC
CLOMB; CLOMBEN
CLOVEN-FOOTED; CLOVEN-HOOFED
COADJUTRESS; COADJUTRIX
COARCT; COARCTATE
COASTWISE; COASTWAYS
COBALTINE; COBALTITE
COCHLEATE; COCHLEATED
COCKCROW; COCKCROWING
COCKYOLLY BIRD; COCKYOLY BIRD
COCO; COCO PALM
COCOA; COCOA PALM
COCOBOLO; COCOBOLAS
CODLIN; CODLING
COELENTERA; COELENTERATA
COELIAC; CELIAC
COENENCHYM; COENENCHYMA
COGNISOR; COGNISEE
COHERENCE; COHERENCY
COHUNE; COHUNE PALM
COIGNE; COIGNY
COL; COL-
COLA NUT; COLA SEED
COLEOPTERAL; COLEOPTEROUS
COLET; COLLET
COLETIT; COALTIT
COLLARET; COLLARETTE
COMB; COMBE
COMET-FINDER; COMET-SEEKER
COMMISSIONAL; COMMISSIONARY
COMPEER; COMPEIR
COMPETENCE; COMPETENCY
COMPLACENCE; COMPLACENCY
COMPLINE; COMPLIN
COMPONY; COMPONE
CON; CON-
CONCENTER; CONCENTRE
CONCENTRIC; CONCENTRICAL
CONCERT OF EUROPE; EUROPEAN CONCERT
CONCESSIONAIRE; CONCESSIONNAIRE
CONCHYLACEOUS; CONCHYLIACEOUS
CONCHYLIOLOGIST; CONCHYLIOLOGY
CONCILIAR; CONCILIARY
CONCOMITANCE; CONCOMITANCY
CONDESCENDENCE; CONDESCENDENCY
CONDUIT SYSTEM; CONDUIT RAILWAY
CONDYLOMA; CONDYLOME
CONEPATE; CONEPATL
CONESTOGA WAGON; CONESTOGA WAIN
CONFERRUMINATE; CONFERRUMINATED
CONFIDANT; CONFIDANTE
CONGENERIC; CONGENERICAL
CONGO; CONGOU
CONIC; CONICAL
CONNASCENCE; CONNASCENCY
CONOIDIC; CONOIDICAL
CONSIMILITUDE; CONSIMILITY
CONSISTENCE; CONSISTENCY
CONSOLATION GAME; CONSOLATION MATCH; CONSOLATION POT; CONSOLATION
CONSONANCE; CONSONANCY
CONTERRANEAN; CONTERRANEOUS
CONTINENCE; CONTINENCY
CONTORNIATE; CONTORNIATE
CONTUBERNAL; CONTUBERNIAL
CONVALESCENCE; CONVALESCENCY
CONVENIENCE; CONVENIENCY
CONVERGENCE; CONVERGENCY
COOEY; COOEE
COOKEY; COOKIE
COOLY; COOLIE
COOMB; COOMBE
COPAIBA; COPAIVA
CORANT; CORANTO
CORBELING; CORBELLING
CORBIE; CORBY
CORCLE; CORCULE
CORFIOTE; CORFUTE
CORIVALRY; CORIVALSHIP
CORMOPHYTES; CORMOPHYTA
CORNUTE; CORNUTED
COROLLATE; COROLLATED
COROLLIFLORAL; COROLLIFLOROUS
CORONATE; CORONATED
COROZO; COROSSO
CORPORAL; CORPORALE
CORPULENCE; CORPULENCY
CORRECTIBLE; CORRECTABLE
CORTICATE; CORTICATED
CORVET; CORVETTE
COSMETIC; COSMETICAL
COSMIC; COSMICAL
COSMOGONAL; COSMOGONIC; COSMOGONICAL
COSMOGRAPHIC; COSMOGRAPHICAL
COSMOPOLITAN; COSMOPOLITE
COSSIC; COSSICAL
COSTATE; COSTATED
COTHURNATE; COTHURNATED
COTILLON; COTILLION
COTTER; COTTAR
COTTON SEED; COTTONSEED
COTYLA; COTYLE
COUNTERIRRITANT; COUNTERIRRITATION
COUNTERMOVE; COUNTERMOVEMENT
COUNTERREVOLUTIONARY; COUNTER-REVOLUTIONARY
COUNTINGHOUSE; COUNTINGROOM
COUNTOUR; COUNTOURHOUSE
COVELLINE; COVELLITE
COWRIE; COWRY
COXALGIA; COXALGY
CRACK-LOO; CRACKALOO
CRAMOISIE; CRAMOISY
CRAN; CRANE
CRANIOMETRIC; CRANIOMETRICAL
CRANNOG; CRANNOGE
CRAPULA; CRAPULE
CRAPULENT; CRAPULOUS
CRASSAMENT; CRASSAMENTUM
CRAWFISH; CRAYFISH
CRAY; CRAYER
CRAZE-MILL; CRAZING-MILL
CREDITRESS; CREDITRIX
CREMATORIUM; CREMATORY
CRENATE; CRENATED
CRENELLE; CRENEL
CRENGLE; CRENKLE
CRENULATE; CRENULATED
CREOLEAN; CREOLIAN
CREPANCE; CREPANE
CREPUSCLE; CREPUSCULE
CREPUSCULAR; CREPUSCULOUS
CRETACEOUS; CRETACIC
CRIBBER; CRIB-BITER
CRINEL; CRINET
CRISPATE; CRISPATED
CROISADE; CROISADO
CROSS-SPALE; CROSS-SPALL
CRUNK; CRUNKLE
CRYPTIC; CRYPTICAL
CRYPTOGAMIAN; CRYPTOGAMIC; CRYPTOGAMOUS
CRYPTOGRAPHIC; CRYPTOGRAPHICAL
CRYSTALLOGENIC; CRYSTALLOGENICAL
CRYSTALLOGRAPHIC; CRYSTALLOGRAPHICAL
CRYSTALLOLOGY; CRISTALLOLOGY
CTENOPHORIC; CTENOPHOROUS
CUBBY; CUBBYHOLE
CUBIC; CUBICAL
CUCULLATE; CUCULLATED
CUCURBIT; CUCURBITE
CULTRATE; CULTRATED
CULVER'S PHYSIC; CULVER'S ROOT
CUNEATE; CUNEATED
CUNEIFORM; CUNIFORM
CURACAO; CURACOA
CURARE; CURARI
CURTAL AX; CURTLE AX; CURTELASSE
CURVAL; CURVANT
CURVATE; CURVATED
CURVILINEAL; CURVILINEAR
CUSPIDATE; CUSPIDATED
CUTTLE; CUTTLEFISH
CYCLIC; CYCLICAL
CYCLONE CELLAR; CYCLONE PIT
CYCLOPEDIA; CYCLOPAEDIA
CYCLOSTOME; CYCLOSTOMOUS
CYLINDRIC; CYLINDRICAL
CYMLING; CYMBLING
CYMOSE; CYMOUS
CYNIC; CYNICAL
CYSTICERCE; CYSTICERCUS
CYSTOID; CYSTOIDEAN
CYTOGENIC; CYTOGENETIC
DAEDAL; DAEDALIAN
DAEMON; DAEMONIC
DAGGLE-TAIL; DAGGLE-TAILED
DAGUERREAN; DAGUERREIAN
DAGUERREOTYPER; DAGUERREOTYPIST
DAKER; DAKIR
DAKOIT; DAKOITY
DALMATICA; DALMATIC
DAMASKEEN; DAMASKEN
DAMMAR; DAMMARA
DAMOSEL; DAMOSELLA; DAMOISELLE
DANDIE DINMONT; DANDIE
DANDY-COCK; DANDY-HEN
DANDYISE; DANDYIZE
DANEGELD; DANEGELT
DAPPLE; DAPPLED
DARG; DARGUE
DARNEX; DARNIC
DARRAIGN; DARRAIN
DAUBERY; DAUBRY
DAUPHINESS; DAUPHINE
DEADHEARTED; DEAD-HEARTED
DEBUTANT; DEBUTANTE
DECACHORD; DECACHORDON
DECADENCE; DECADENCY
DECAGRAM; DECAGRAMME
DECAGYNIAN; DECCAGYNOUS
DECALCOMANIA; DECALCOMANIE
DECALITER; DECALITRE
DECAMETER; DECAMETRE
DECANDRIAN; DECANDROUS
DECAPODAL; DECAPODOUS
DECENNOVAL; DECENNOVARY
DECIGRAM; DECIGRAMME
DECIL; DECILE
DECILITER; DECILITRE
DECIMETER; DECIMETRE
DECLIVITOUS; DECLIVOUS
DECULASSEMENT; DECULASSMENT
DECUMBENCE; DECUMBENCY
DECUSSATE; DECUSSATED
DEFENSE; DEFENCE
DEFERVESCENCE; DEFERVESCENCY
DEFOLIATE; DEFOLIATED
DEGENDER; DEGENER
DEGRAS; DEGRAS
DEIFIC; DEIFICAL
DEINTEOUS; DEINTEVOUS
DEISTIC; DEISTICAL
DELPHIN; DELPHINE
DELSARTE; DELSARTE SYSTEM
DEMAGOGIC; DEMAGOGICAL
DEMIRELIEF; DEMIRELIEVO
DEMONIAC; DEMONIACAL
DEMONOLOGIC; DEMONOLOGICAL
DEMPSTER; DEMSTER
DENDRITIC; DENDRITICAL
DENDROID; DENDROIDAL
DENTATE; DENTATED
DENTICULATE; DENTICULATED
DENTISTIC; DENTISTICAL
DEPENDANT; DEPENDANCE; DEPENDANCY
DEPLOY; DEPLOYMENT
DERAIGN; DERAIN
DERAIGNMENT; DERAINMENT
DEREINE; DEREYNE
DERMAPTERA; DERMAPTERAN
DERMATIC; DERMATINE
DERVISH; DERVISE; DERVIS
DESERTRIX; DESERTRICE
DESIDIOSE; DESIDIOUS
DESMID; DESMIDIAN
DESPOTIC; DESPOTICAL
DESQUAMATIVE; DESQUAMATORY
DESTRER; DEXTRER
DETECTABLE; DETECTIBLE
DEUSE; DEUSED
DEUTEROPATHIA; DEUTEROPATHY
DEUTO-; DEUT-
DEV; DEVA
DEVERGENCE; DEVERGENCY
DEVIL-DIVER; DEVIL BIRD
DEVOTIONALIST; DEVOTIONIST
DEXTRORSAL; DEXTRORSE
DEXTROUS; DEXTROUSLY; DEXTROUSNESS
DEYNTE; DEYNTEE
DHOORRA; DHOURRA; DHURRA
DIA-; DI-
DIABETIC; DIABETICAL
DIABLERIE; DIABLEY
DIABOLIC; DIABOLICAL
DIACHYLON; DIACHYLUM
DIACRITIC; DIACRITICAL
DIADELPHIAN; DIADELPHOUS
DIAERESIS; DIERESIS
DIAGLYPHIC; DIAGLYPHTIC
DIAGRAPHIC; DIAGRAPHICAL
DIALECTIC; DIALECTICAL
DIALOGISTIC; DIALOGISTICAL
DIAMETRIC; DIAMETRICAL
DIAMOND ANNIVERSARY; DIAMOND JUBILEE
DIAPHONIC; DIAPHONICAL
DIAPHORETIC; DIAPHORETICAL
DIARIAL; DIARIAN
DIARRHEA; DIARRHOEA
DIARRHEAL; DIARRHOEAL
DIARRHETIC; DIARRHOETIC
DIATHERMANCY; DIATHERMANEITY
DIAZEUCTIC; DIAZEUTIC
DICKEY; DICKY
DICROTAL; DICROTOUS
DIDACTIC; DIDACTICAL
DIDRACHM; DIDRACHMA
DIECIAN; DIECIOUS
DIESEL ENGINE; DIESEL MOTOR
DIETETIC; DIETETICAL
DIETIST; DIETITIAN
DIFFLUENCE; DIFFLUENCY
DIFFRANCHISE; DIFFRANCHISEMENT
DIGAMMATE; DIGAMMATED
DIGITATE; DIGITATED
DIGYNIAN; DIGYNOUS
DIMMISH; DIMMY
DIMYA; DIMYARIA
DINGEY; DINGY; DINGHY
DINOSAUR; DINOSAURIAN
DINOTHERE; DINOTHERIUM
DIOECIAN; DIOECIOUS
DIOPTER; DIOPTRA
DIOPTRIC; DIOPTRICAL
DIPHTHERIAL; DIPHTHERIC
DIPLOMAT; DIPLOMATE
DIPLOMATIC; DIPLOMATICAL
DIPLOPIA; DIPLOPY
DIPSEY; DIPSIE; DIPSY
DISCERPIBILITY; DISCERPTIBILITY
DISCERPIBLE; DISCERPTIBLE
DISCIFLORAL; DISCIFLOROUS
DISCORDANCE; DISCORDANCY
DISCREPANCE; DISCREPANCY
DISCRETIONAL; DISCRETIONARY
DISCRETIONALLY; DISCRETIONARILY
DISPLICENCE; DISPLICENCY
DISSILIENCE; DISSILIENCY
DISTICH; DISTICHOUS
DITHECAL; DITHECOUS
DITHEISTIC; DITHEISTICAL
DIVERGENCE; DIVERGENCY
DJEREED; DJERRID
DOCIBILITY; DOCIBLENESS
DODD; DOD
DODECAGYNIAN; DODECAGYNOUS
DODECANDRIAN; DODECANDROUS
DODIPATE; DODIPOLL
DOG DAY; DOGDAY
DOGMATIC; DOGMATICAL
DOLCE; DOLCEMENTE
DOLCINO; DULCINO
DOLICHOCEPHALIC; DOLICHOCEPHALOUS
DOLICHOCEPHALY; DOLICHOCEPHALISM
DOLORIFIC; DOLORIFICAL
DOMINANCE; DOMINANCY
DONA; DONYA
DO-NOTHINGISM; DO-NOTHINGNESS
DOP; DOOP
DORMER; DORMER WINDOW
DORNICK; DORNOCK
DORTOUR; DORTURE
DOUBLE-BARRELED; DOUBLE-BARRELLED
DOUCET; DOWSET
DOVECOT; DOVECOTE
DOWNTROD; DOWNTRODDEN
DOWNWARD; DOWNWARDS
DRAG LINE; DRAG ROPE
DRAGON'S BLOOD; DRAGON'S HEAD; DRAGON'S TAIL
DRAMATIC; DRAMATICAL
DRAWING KNIFE; DRAWKNIFE
DREARIHEAD; DREARIHOOD
DREINTE; DREINT
DREYNTE; DREYNT
DRIBBLET; DRIBLET
DRIER; DRIEST
DROFLAND; DRYFLAND
DROGMAN; DROGOMAN
DROMOND; DROMON
DROPMEAL; DROPMELE
DRUIDIC; DRUIDICAL
DRUNKENSHIP; DRUNKSHIP
DRUPEL; DRUPELET
DRUSY; DRUSED
DRUXEY; DRUXY
DRYTH; DRITH
DUCKMEAT; DUCK'S-MEAT
DUENA; DUENYA
DUKHOBORS; DUKHOBORTSY
DUMOSE; DUMOUS
DUODECAHEDRAL; DUODECAHEDRON
DURIAN; DURION
DWAUL; DWAULE
DYNAMIC; DYNAMICAL
DYNAMOMETRIC; DYNAMOMETRICAL
DYSENTERIC; DYSENTERICAL
DYSPEPSIA; DYSPEPSY
DYSPEPTIC; DYSPEPTICAL
DYSPHAGIA; DYSPHAGY
DYSPHONIA; DYSPHONY
DYSPNEA; DYSPNOEA
DYSURIA; DYSURY
DZEREN; DZERON
EALDERMAN; EALDORMAN
EARTHWARD; EARTHWARDS
EASTWARD; EASTWARDS
EBULLIENCE; EBULLIENCY
ECHINATE; ECHINATED
ECHON; ECHOON
ECONOMIC; ECONOMICAL
ECT-; ECTO-
ECTOCUNERIFORM; ECTOCUNIFORM
ECTODERMAL; ECTODERMIC
ECTOZOON; ECTOZOOEN
ECUMENIC; ECUMENICAL
EDAM; EDAM CHEESE
EDDAIC; EDDIC
EDEMATOUS; EDEMATOSE
EDGEWAYS; EDGEWISE
EEK; EEKE
EERIE; EERY
EFFECTUOSE; EFFECTUOUS
EFFERVESCENCE; EFFERVESCENCY
EFFICIENCE; EFFICIENCY
EFTSOON; EFTSOONS
EGER; EGRE
EGLANDULOSE; EGLANDULOUS
EGOISTIC; EGOISTICAL
EGOTISTIC; EGOTISTICAL
EGYPTOLOGER; EGYPTOLOGIST
EKABOR; EKABORON
ELAINE; ELAIN
ELECTRE; ELECTER
ELECTRIC; ELECTRICAL
ELECTRO-DYNAMIC; ELECTRO-DYNAMICAL
ELECTROLYTIC; ELECTROLYTICAL
ELECTRO-METRIC; ELECTRO-METRICAL
ELECTROPOION; ELECTROPOION FLUID
ELECTRO-PUNCTURATION; ELECTRO-PUNCTURING
ELEGANCE; ELEGANCY
ELEME FIGS; ELEMI FIGS
ELENCHTIC; ELENCHTICAL
ELENCTIC; ELENCTICAL
ELEPHANTOID; ELEPHANTOIDAL
ELK; ELKE
ELLENGE; ELLINGE; ELLENGENESS; ELLINGENESS
ELLIPSOID; ELLIPSOIDAL
ELLIPTIC; ELLIPTICAL
ELOGIUM; ELOGY
ELRICH; ELRITCH
ELVAN; ELVANITE
ELYTRON; ELYTRUM
EMAIL OMBRANT; AEMAIL OMBRANT
EMARGINATE; EMARGINATED
EMBLEMATIC; EMBLEMATICAL
EMBOLISMATIC; EMBOLISMATICAL
EMBOLISMIC; EMBOLISMICAL
EMBROUDE; EMBROWDE; EMBROYDE
EMBRYOLOGIC; EMBRYOLOGICAL
EMBRYONATE; EMBRYONATED
EMERODS; EMEROIDS
EMEU; EMEW
EMIR; EMEER
EMIRSHIP; EMEERSHIP
EMONG; EMONGST
EMPHATIC; EMPHATICAL
EMPIRIC; EMPIRICAL
EMPORETIC; EMPORETICAL
EMPYREUMATIC; EMPYREUMATICAL
ENAMELER; ENAMELIST
ENCHESON; ENCHEASON
ENCHORIAL; ENCHORIC
ENCLITIC; ENCLITICAL
ENCOMIASTIC; ENCOMIASTICAL
ENCRINIC; ENCRINAL; ENCRINITAL
ENCRINITIC; ENCRINITICAL
ENCYCLIC; ENCYCLICAL
ENCYCLOPEDIA; ENCYCLOPAEDIA
ENCYCLOPEDIC; ENCYCLOPEDICAL
ENDALL; END-ALL
ENDEMIC; ENDEMICAL
ENDO-; END-
ENDOCARDIAC; ENDOCARDIAL
ENDODERMAL; ENDODERMIC
ENDORHIZAL; ENDORHIZOUS
ENDOSMOSE; ENDOSMOSIS
ENDWAYS; ENDWISE
ENERGETIC; ENERGETICAL
ENERGIC; ENERGICAL
ENGINEER CORPS; CORPS OF ENGINEERS
ENGRAFTATION; ENGRAFTMENT
ENHARMONIC; ENHARMONICAL
ENIGMATIC; ENIGMATICAL
ENIGMATOGRAPHY; ENIGMATOLOGY
ENNEAHEDRIA; ENNEAHEDRON
ENNEANDRIAN; ENNEANDROUS
ENNEATIC; ENNEATICAL
ENTERING EDGE; ENTRANT EDGE
ENTHEAL; ENTHEAN
ENTHELMINTHA; ENTHELMINTHES
ENTHUSIASTIC; ENTHUSIASTICAL
ENTHYMEMATIC; ENTHYMEMATICAL
ENTOCUNEIFORM; ENTOCUNIFORM
ENTODERMAL; ENTODERMIC
ENTOMIC; ENTOMICAL
ENTOMOLOGIC; ENTOMOLOGICAL
ENTOZOAL; ENTOZOIC
ENTOZOOLOGIST; ENTOZOOELOGIST
ENTOZOON; ENTOZOOEN
ENVELOPE; ENVELOP
ENZOOTIC; ENZOOETIC
EON; AEON
EOZOON; EOZOOEN
EOZOONAL; EOZOOENAL
EPAULET; EPAULETTE
EPAULETED; EPAULETTED
EPHAH; EPHA
EPICOELE; EPICELE
EPICTETAIN; EPICTETIAN
EPIDEMIC; EPIDEMICAL
EPIDICTIC; EPIDICTICAL
EPIGRAMMATIC; EPIGRAMMATICAL
EPIGRAPHIC; EPIGRAPHICAL
EPILOGIC; EPILOGICAL
EPIPHYSEAL; EPIPHYSIAL
EPIPHYTIC; EPIPHYTICAL
EPIPLOON; EPIPLOOEN
EPISODIC; EPISODICAL
EPISTOLIC; EPISTOLICAL
EPISTOMA; EPISTOME
EPITAPHIAL; EPITAPHIAN
EPITHETIC; EPITHETICAL
EPIZOON; EPIZOOEN
EPIZOOTIC; EPIZOOETIC
EPIZOOTY; EPIZOOETY; EPIZOOTIC; EPIZOOETIC
EPONYM; EPONYME
EPOOPHORON; EPOOEPHORON
EPOPEE; EPOPOEIA
EPSOM SALTS; EPSOM SALT
EQUIPOLLENCE; EQUIPOLLENCY
EQUIPONDERANCE; EQUIPONDERANCY
EQUIVALVE; EQUIVALVED
EQUIVOQUE; EQUIVOKE
EREMITIC; EREMITICAL
EREWHILE; EREWHILES
ERIACH; ERIC
ERISTIC; ERISTICAL
ERMELIN; ERMILIN
ERMINES; ERMINOIS
ERN; ERNE
EROTIC; EROTICAL
ERUBESCENCE; ERUBESCENCY
ERUCT; ERUCTATE
ERYTHREAN; ERYTHRAEAN
ERYTHRIN; ERYTHRINE
ERYTHROPHYLL; ERYTHROPHYLLIN
ESCOPET; ESCOPETTE
ESCROL; ESCROLL
ESKAR; ESKER
ESOPIAN; ESOPIC
ESSOIN; ESSOIGN
ESTAFET; ESTAFETTE
ESTATLICH; ESTATLY
ESTHETE; ESTHETIC; ESTHETICAL; ESTHETICS
ESTIVAL; ESTIVATE; ESTIVATION
ET CETERA; ET CAETERA
ETERN; ETERNE
ETHIC; ETHICAL
ETHIOP; ETHIOPIAN
ETHIOPIAN; ETHIOPIC
ETHMOID; ETHMOIDAL
ETHNIC; ETHNICAL
ETHNOGRAPHIC; ETHNOGRAPHICAL
ETHNOLOGIC; ETHNOLOGICAL
ETHOLOGIC; ETHOLOGICAL
ETIOLATE; ETIOLATED
EUCHARISTIC; EUCHARISTICAL
EUCHOLOGION; EUCHOLOGY
EUDEMON; EUDAEMON
EUDEMONICS; EUDAEMONICS
EUDEMONISM; EUDAEMONISM
EUDEMONIST; EUDAEMONIST
EUDEMONISTIC; EUDAEMONISTIC
EUDEMONISTICAL; EUDAEMONISTICAL
EUDIOMETRIC; EUDIOMETRICAL
EUGETIC; EUGETINIC
EUGUBIAN; EUGUBINE
EULOGIC; EULOGICAL
EULOGISTIC; EULOGISTICAL
EUNUCH; EUNUCHATE
EUPATORIN; EUPATORINE
EUPEPSIA; EUPEPSY
EUPHEMISTIC; EUPHEMISTICAL
EUPHONIC; EUPHONICAL
EUPHORBIACEOUS; EUPHORBIAL
EUPHORBIN; EUPHORBINE
EUPRYION; EUPYRION
EURAFRIC; EURAFRICAN
EVERICH; EVERYCH
EVERICHON; EVERYCHON
EVOLATIC; EVOLATICAL
EWERY; EWRY
EXANTHEMATIC; EXANTHEMATOUS
EXCAMB; EXCAMBIE
EXCAMBION; EXCAMBIUM
EXCENTRIC; EXCENTRICAL
EXCIPLE; EXCIPULUM
EXCREMENTITIAL; EXCREMENTITIOUS
EXEGETIC; EXEGETICAL
EXITIAL; EXITIOUS
EXO; EXO-
EXOCARDIAC; EXOCARDIAL
EXOCETUS; EXOCOETUS
EXOPHTHALMOS; EXOPHTHALMUS
EXORBITANCE; EXORBITANCY
EXORHIZAL; EXORHIZOUS
EXOTERIC; EXOTERICAL
EXPECTANCE; EXPECTANCY
EXPEDIENCE; EXPEDIENCY
EXPLAT; EXPLATE
EXPOST FACTO; EXPOSTFACTO
EX POST FACTO; EX POSTFACTO
EXPROBRATIVE; EXPROBRATORY
EXSERT; EXSERTED
EXTRAAXILLAR; EXTRAAXILLARY
EXTRACTABLE; EXTRACTIBLE
EXTRINSICALITY; EXTRINSICALNESS
EXULTANCE; EXULTANCY
EYESAINT; EYE-SAINT
EYESPLICE; EYE-SPLICE
EYESPOT; EYE-SPOT
EYESPOTTED; EYE-SPOTTED
EYNE; EYEN
EYRIE; EYRY
FAGEND; FAG-END
FAHLERZ; FAHLBAND
FAINEANCE; FAINEANCY
FAINTHEARTED; FAINT-HEARTED
FALCATE; FALCATED
FALLALS; FAL-LALS
FAMILISTIC; FAMILISTICAL
FANTIGUE; FANTIQUE
FANTOD; FANTAD
FARADISM; FARADIZATION
FARCIMEN; FARCIN
FAR-STRETCHED; FARSTRETCHED
FASCIATE; FASCIATED
FASCICULATE; FASCICULATED
FASTIGIATE; FASTIGIATED
FATIMITE; FATIMIDE
FEHM; FEHMGERICHT
FELDSPAR; FELDSPATH
FELDSPATHIC; FELDSPATHOSE
FELLOWSHIP; GOOD FELLOWSHIP
FELONY; TO COMPOUND A FELONY
FELSPAR; FELSPATH
FEOFOR; FEOFFER
FERM; FERME
FERRANTI CABLES; FERRANTI MAINS
FERRE; FERRER
FESS; FESSE
FEST; FESTE
FETICH; FETISH
FETICHISM; FETISHISM
FETICHIST; FETISHIST
FETICHISTIC; FETISHISTIC
FETISH; FETISHISM; FETISHIST; FETISHISTIC
FIBER; FIBRE
FIBERED; FIBRED
FIBER-FACED; FIBRE-FACED
FIBERLESS; FIBRELESS
FIGULATE; FIGULATED
FILIGRAIN; FILIGRANE
FIMBLE; FIMBLE HEMP
FINICKING; FINICKY
FISSIPED; FISSIPEDAL
FITCHET; FITCHEW
FITHEL; FITHUL
FIVE-LEAFED; FIVE-LEAVED
FLATULENCE; FLATULENCY
FLITE; FLYTE
FLITTING; FLYTTING
FLOATING CHARGE; FLOATING LIEN
FLOOKAN; FLUKAN
FLOTSAM; FLOTSON
FLUGEL; FLUEGEL
FLUOCERINE; FLUOCERITE
FLY AMANITA; FLY FUNGUS
FOLK; FOLKS
FOLKLORE; FOLK LORE
FONDUE; FONDU
FORCIPATE; FORCIPATED
FORE PART; FOREPART
FORESWART; FORESWART
FORNICATE; FORNICATED
FORWARD; FORWARDS
FOUGADE; FOUGASSE
FOURB; FOURBE
FOURIERIST; FOURIERITE
FRAENUM; FRENUM
FRAGRANCE; FRAGRANCY
FRAMPEL; FRAMPOID
FRANGIPANI; FRANGIPANNI
FRANGULIC; FRANGULINIC
FRATERNATION; FRATERNISM
FRAUDULENCE; FRAUDULENCY
FREMD; FREMED
FRESNEL LAMP; FRESNEL LANTERN
FRIBORG; FRIBORGH
FRICANDEAU; FRICANDO
FRIDSTOL; FRITHSTOOL
FRIGG; FRIGGA
FRIGORIFIC; FRIGORIFICAL
FRIJOL; FRIJOLE; FREJOL
FRISETTE; FRIZETTE
FRIZZLY; FRIZZY
FROMWARD; FROMWARDS
FRONTATE; FRONTATED
FRONTIGNAC; FRONTIGNAN
FUB; FUBS
FUBBY; FUBSY
FUCATE; FUCATED
FULAHS; FOOLAHS
FUMADE; FUMADO
FUMET; FUMETTE
FUMIDITY; FUMIDNESS
FUNAMBULO; FUNAMBULUS
FUNCTION; FUNCTIONATE
FUNK; FUNKING
FURCATE; FURCATED
FURMONTY; FURMITY
FUSEL; FUSEL OIL
FUSE PLUG; FUZE PLUG
FUSILEER; FUSILIER
FUSTILUG; FUSTILUGS
FUTHORC; FUTHORK
FYRD; FYRDUNG
GABARDINE; GABERDINE
GADERE; GADRE
'GAINST; GAINST
GAIRISH; GAIRISHLY; GAIRISHNESS
GAITRE; GAYTRE
GALANGA; GALANGAL
GALBAN; GALBANUM
GALEATE; GALEATED
GALENIC; GALENICAL
GALLEGAN; GALLEGO
GALOCHE; GALOSHE
GAMBOGIAN; GAMBOGIC
GANGLIAC; GANGLIAL
GANGLIATE; GANGLIATED
GANGLIFORM; GANGLIOFORM
GANISTER; GANNISTER
GAPES; THE GAPES
GAR PIKE; GARPIKE
GASOLINE ENGINE; GASOLENE ENGINE
GASOMETRIC; GASOMETRICAL
GASTFUL; GASTLY
GASTRONOME; GASTRONOMER
GASTRONOMIC; GASTRONOMICAL
GAUNTREE; GAUNTRY
GED; GEDD
GEER; GEERING
GELATIN; GELATINE
GEMMIPARA; GEMMIPARES
GENERIC; GENERICAL
GENET; GENETTE
GENIP; GENIP TREE
GENTERIE; GENTRIE
GENTILITIAL; GENTILITIOUS
GENTLEFOLK; GENTLEFOLKS
GENTLEMANLIKE; GENTLEMANLY
GEOCENTRIC; GEOCENTRICAL
GEODESIC; GEODESICAL
GEODETIC; GEODETICAL
GEOGNOSTIC; GEOGNOSTICAL
GEOGONIC; GEOGONICAL
GEOGRAPHIC; GEOGRAPHICAL
GEOLOGER; GEOLOGIAN
GEOLOGIC; GEOLOGICAL
GEOMANTIC; GEOMANTICAL
GEOMETRIC; GEOMETRICAL
GEOPONIC; GEOPONICAL
GEORGIC; GEORGICAL
GERANIINE; GERANINE
GERBIL; GERBILLE
GERLAND; GERLOND
GHAT; GHAUT
GHAZAL; GHAZEL
GHEBER; GHEBRE
GIGE; GUIGE
GIGLOT; GIGLET
GIGOT; GIGGOT
GILLIE; GILLY
GILT-EDGE; GILT-EDGED
GIMBAL; GIMBALS
GIMMER; GIMMOR
GINGLYMOID; GINGLYMOIDAL
GIPSER; GIPSIRE
GIRASOLE; GIRASOL
GISMONDINE; GISMONDITE
GITANA; GITANO
GLABREATE; GLABRIATE
GLADIATORIAL; GLADIATORIAN
GLARINESS; GLARINGNESS
GLASS MAKER; GLASSMAKER
GLAUBER'S SALT; GLAUBER'S SALTS
GLEBOUS; GLEBY
GLEIRE; GLEYRE
GLENGARRY; GLENGARRY BONNET
GLENLIVAT; GLENLIVET
GLIDDER; GLIDDERY
GLOBATE; GLOBATED
GLOMBE; GLOME
GLONOIN; GLONOINE
GLOSSOLALIA; GLOSSOLALY
GLOTTIC; GLOTTIDEAN
GLUMELLA; GLUMELLE
GLYCERIN; GLYCERINE
GLYCOGENY; GLYCOGENESIS
GLYN; GLYNNE
GNATHONIC; GNATHONICAL
GNOMIC; GNOMICAL
GNOMOLOGIC; GNOMOLOGICAL
GNOMONIC; GNOMONICAL
GOITER; GOITRE
GOITERED; GOITRED
GOLD; GOLDE; GOOLDE
GOLDIN; GOLDING
GOMARIST; GOMARITE
GONFALON; GONFANON
GONIOMETRIC; GONIOMETRICAL
GONORRHEA; GONORRHOEA
GONORRHEAL; GONORRHOEAL
GOOD-BY; GOOD-BYE
GOODLYHEAD; GOODLYHOOD
GOOROO; GURU
GORING; GORING CLOTH
GOTHITE; GOETHITE
GOURD; GOURDE
GOUTWEED; GOUTWORT
GOVERNAL; GOVERNAIL
GOWNSMAN; GOWNMAN
GRACILE; GRACILLENT
GRADIN; GRADINE
GRALLATORIAL; GRALLATORY
GRAM; GRAMME
GRANADE; GRANADO
GRANDMA; GRANDMAMMA
GRANDPA; GRANDPAPA
GRANGER RAILROADS; GRANGER ROADS
GRANGER STOCKS; GRANGER SHARES
GRANULATE; GRANULATED
GRAPHIC; GRAPHICAL
GRAPHICNESS; GRAPHICALNESS
GRAPHITOID; GRAPHITOIDAL
GRAVELING; GRAVELLING
GREASE COCK; GREASE CUP
GRECIZE; GRECIANIZE
GREEGREE; GRIGRI
GREEK CALENDS; GREEK KALENDS
GREENHEAD; GREENHOOD
GREGARINE; GREGARINAE
GREGE; GREGGE
GREGGOE; GREGO
GRESSORIAL; GRESSORIOUS
GRET; GRETE
GREWSOME; GRUESOME
GRIEVE; GREEVE
GRIFFIN; GRIFFON
GRITROCK; GRITSTONE
GROGRAM; GROGRAN
GROT; GROTE
GRUDGEONS; GURGEONS
GUEBER; GUEBRE
GUELPH; GUELF
GUELPHIC; GUELFIC
GUNNY; GUNNY CLOTH
GUNSMITHERY; GUNSMITH; GUNSMITHING
GURNARD; GURNET
GYB; GYBE
GYMNASTIC; GYMNASTICAL
GYMNIC; GYMNICAL
GYMNOLAEMA; GYMNOLAEMATA
GYNAECEUM; GYNAECIUM
GYNANDRIAN; GYNANDROUS
GYPSY MOTH; GIPSY MOTH
GYROPIGEON; GYRO-PIGEON
HAEMA-; HAEMATO-; HAEMO-
HAEMADROMETER; HAEMADROMOMETER
HAEMADROMETRY; HAEMADROMOMETRY
HAEMADYNAMETER; HAEMADYNAMOMETER
HAEMATOZOON; HAEMATOZOOEN
HAEMOLYSIS; HAEMOLYTIC
HAIRBREADTH; HAIR'SBREADTH
HALF TONE; HALF-TONE
HALIMAS; HALMAS
HALLELUIAH; HALLELUJAH
HALLSTATT; HALLSTATTIAN
HAL'YARD; HALYARD
HAMESECKEN; HAMESUCKEN
HAMOSE; HAMOUS
HANCE; HANCH
HANDMAID; HANDMAIDEN
HANSOM; HANSOM CAB
HAN'T; HAIN'T
HANUKKA; HANUKKAH
HA'PENNY; HAP'PENNY
HARBOROUGH; HARBROUGH
HAREBRAINED; HARE BRAINED
HARMONIC; HARMONICAL
HARMONIST; HARMONITE
HARQUEBUS; HARQUEBUSE
HART-TONGUE; HART'S-TONGUE
HASHEESH; HASHISH
HASTATE; HASTATED
HATCHETTINE; HATCHETTITE
HEADBOROUGH; HEADBORROW
HEADFIRST; HEADFOREMOST
HEAD GEAR; HEADGEAR
HEADMOLD SHOT; HEADMOULD SHOT
HEAVENLYMINDED; HEAVENLY-MINDED
HEAVILY-TRAVELED; HEAVILY TRAVELED
HEBDOMADAL; HEBDOMADARY
HEBRIDEAN; HEBRIDIAN
HECTOLITER; HECTOLITRE
HECTOMETER; HECTOMETRE
HEGELIANISM; HEGELISM
HEGEMONIC; HEGEMONICAL
HEKTARE; HEKTOGRAM; HEKTOLITER; HEKTOMETER
HELIOCENTRIC; HELIOCENTRICAL
HELIOMETRIC; HELIOMETRICAL
HELISPHERIC; HELISPHERICAL
HELLENISTIC; HELLENISTICAL
HELLGAMITE; HELLGRAMITE
HELMINTHOLOGIC; HELMINTHOLOGICAL
HELVINE; HELVITE
HEMADROMETER; HEMADROMOMETER
HEMADROMETRY; HEMADROMOMETRY
HEMASTATIC; HEMASTATICAL
HEMELYTRON; HEMELYTRUM
HEMIOPIA; HEMIOPSIA
HEMIPTERAL; HEMIPTEROUS
HEMISPHERIC; HEMISPHERICAL
HEMITROPAL; HEMITROPOUS
HEMSELF; HEMSELVE; HEMSELVEN
HENOGENY; HENOGENESIS
HEPATOGENIC; HEPATOGENOUS
HEPTAGYNIAN; HEPTAGYNOUS
HEPTANDRIAN; HEPTANDROUS
HER; HERE
HERBERGH; HERBERWE
HERBOSE; HERBOUS
HERDMAN; HERDSMAN
HEREA-BOUT; HEREABOUTS
HEREMIT; HEREMITE
HERETOCH; HERETOG
HERLING; HIRLING
HERMAPHRODITIC; HERMAPHRODITICAL
HERMENEUTIC; HERMENEUTICAL
HERMETIC; HERMETICAL
HEROICOMIC; HEROICOMICAL
HEROLOGIST; HEROELOGIST
HERPETOLOGIC; HERPETOLOGICAL
HESTERN; HESTERNAL
HETAERA; HETAIRA
HETAIRISM; HETARISM
HETEROCHRONISM; HETEROCHRONY
HETEROCLITIC; HETEROCLITICAL
HETEROMORPHISM; HETEROMORPHY
HETEROSPORIC; HETEROSPOROUS
HETEROTOPISM; HETEROTOPY
HETEROTROPAL; HETEROTROPOUS
HEX-; HEXA
HEXAGYNIAN; HEXAGYNOUS
HEXAMETRIC; HEXAMETRICAL
HEXANDRIAN; HEX-ANDROUS
HEXASTICH; HEXASTICHON
HEYH; HEYGH
HIBERNICISM; HIBERNIANISM
HICKWALL; HICKWAY
HIERARCHAL; HIERARCHIC
HIEROGLYPH; HIEROGLYPHIC
HIEROGLYPHIC; HIEROGLYPHICAL
HIEROGRAPHIC; HIEROGRAPHICAL
HIEROLOGIC; HIEROLOGICAL
HIJERA; HIJRA
HIMSELF; HIMSELVE; HIMSELVEN
HIMYARIC; HIMYARITIC
HINDERMOST; HINDMOST
HINDOO; HINDU
HINDOO CALENDAR; HINDU CALENDAR
HINDOOISM; HINDUISM
HINDOOSTANEE; HINDUSTANI
HINNIATE; HINNY
HIP; HIPPS
HIPE; HYPE
HIPPA; HIPPE
HIPPED; HIPPISH
HIRCINE; HIRCINOUS
HIRE PURCHASE; HIRE PURCHASE AGREEMENT; HIRE AND PURCHASE AGREEMENT
HIRES; HIRS
HISTOLOGIC; HISTOLOGICAL
HISTORIC; HISTORICAL
HISTRIONIC; HISTRIONICAL
HO; HOA
HOBANOB; HOBANDNOB
HOBBLEDEHOY; HOBBLETEHOY
HOBBY; HOBBYHORSE
HOCK; HOUGH
HOCUSPOCUS; HOCUS-POCUS
HODIERN; HODIERNAL
HOGGER-PIPE; HOGGERPIPE
HOLLANDAISE SAUCE; HOLLANDAISE
HOLP; HOLPEN
HOMALOID; HOMALOIDAL
HOMEWARD; HOMEWARDS
HOMILETIC; HOMILETICAL
HOMODROMAL; HOMODROMOUS
HOMOEOMERIC; HOMOEOMERICAL
HOMOEOPATHIC; HOMOEOPATHIST; HOMOEOPATHY
HOMOMORPHIC; HOMOMORPHOUS
HOMOORGAN; HOMOOERGAN
HOMOPHONIC; HOMOPHONOUS
HOMOTAXIAL; HOMOTAXIC
HOMOTHERMIC; HOMOTHERMOUS
HOMOTROPAL; HOMOTROPOUS
HOMOTYPIC; HOMOTYPICAL
HONORARIUM; HONORARY
HOOD MOLDING; HOOD MOULDING
HOOPOE; HOOPOO
HOOVEN; HOVEN
HOPBINE; HOPBIND
HOP-O'-MY-THUMB; HOP-THUMB
HOROSCOPER; HOROSCOPIST
HOT BULB; HOT POT
HOTCHPOT; HOTCHPOTCH
HOTSPUR; HOTSPURRED
HOUSEWIFE; HOUSEWIVE
HUBNER; HUEBNER
HUCH; HUCHEN
HULKING; HULKY
HUMECT; HUMECTATE
HUNGER-BIT; HUNGER-BITTEN
HURRAH; HURRA
HYADES; HYADS
HYBERNACLE; HYBERNATE; HYBERNATION
HYDRO-; HYDR-
HYDRODYNAMIC; HYDRODYNAMICAL
HYDROGRAPHIC; HYDROGRAPHICAL
HYDROMETRIC; HYDROMETRICAL
HYDROPATHIC; HYDROPATHICAL
HYDROPIC; HYDROPICAL
HYDROSOME; HYDROSOMA
HYDROSTATIC; HYDROSTATICAL
HYDROZOON; HYDROZOOEN
HYGROMETRIC; HYGROMETRICAL
HYLAEOSAUR; HYLAEOSAURUS
HYMENEAL; HYMENEAN
HYMENOPTERAL; HYMENOPTEROUS
HYOIDEAL; HYOIDEAN
HYPAETHRAL; HYPETHRAL
HYPERBOLIC; HYPERBOLICAL
HYPERMETROPIA; HYPERMETROPY
HYPEROXYGENATED; HYPEROXYGENIZED
HYPERTROPHIC; HYPERTROPHICAL
HYPOCARP; HYPOCARPIUM
HYPODICROTIC; HYPODICROTOUS
HYPOSTATIC; HYPOSTATICAL
HYPOSTOME; HYPOSTOMA
HYPOTENUSE; HYPOTHENUSE
HYPOTHENAL; HYPOTHENAR
HYPOTHETIC; HYPOTHETICAL
HYPSOMETRIC; HYPSOMETRICAL
HYRCANIAN; HYRCAN
HYSTERIC; HYSTERICAL
IATRIC; IATRICAL
ICHNOGRAPHIC; ICHNOGRAPHICAL
ICHTHYOCOL; ICHTHYOCOLLA
ICHTHYOID; ICHTHYOIDAL
ICHTHYOLOGIC; ICHTHYOLOGICAL
ICHTHYOMORPHIC; ICHTHYOMORPHOUS
ICONODULE; ICONODULIST
ICOSANDRIAN; ICOSANDROUS
ICTERIC; ICTERICAL
ICTERITIOUS; ICTERITOUS
IDEAT; IDEATE
IDEOGRAPHIC; IDEOGRAPHICAL
IDIOCRATIC; IDIOCRATICAL
IDIOGRAPHIC; IDIOGRAPHICAL
IDIOMATIC; IDIOMATICAL
IDIOPATHIC; IDIOPATHICAL
IDIOSYNCRATIC; IDIOSYNCRATICAL
IDIOTIC; IDIOTICAL
IDLESS; IDLESSE
IDOLUM; IDOLON
IDRIALINE; IDRIALITE
ILKON; ILKOON
IMAM; IMAN; IMAUM
IMBRICATE; IMBRICATED
IMBROCATA; IMBROCCATA
IMMANENCE; IMMANENCY
IMMOLD; IMMOULD
IMPENDENCE; IMPENDENCY
IMPERFORATE; IMPERFORATED
IMPERMANENCE; IMPERMANENCY
IMPERSONATION; IMPERSONIFICATION
IMPOLARILY; IMPOLARLY
IMPOSTRESS; IMPOSTRIX
IMPOTENCE; IMPOTENCY
IMPREVALENCE; IMPREVALENCY
IMPROBATIVE; IMPROBATORY
IMPROFICIENCE; IMPROFICIENCY
IMPROVISATORIAL; IMPROVISATORY
INADVERTENCE; INADVERTENCY
INANILOQUENT; INANILOQUOUS
INAPPETENCE; INAPPETENCY
INBREAK; INBREAKING
INCENSEBREATHING; INCENSE-BREATHING
INCIPIENCE; INCIPIENCY
INCOACT; INCOACTED
INCOGITANCE; INCOGITANCY
INCOHERENCE; INCOHERENCY
INCOMPACT; INCOMPACTED
INCOMPETENCE; INCOMPETENCY
INCONDENSABILITY; INCONDENSIBILITY
INCONDENSABLE; INCONDENSIBLE
INCONSONANCE; INCONSONANCY
INCONTINENCE; INCONTINENCY
INCOORDINATE; INCOOERDINATE
INCOORDINATION; INCOOERDINATION
INCORRESPONDENCE; INCORRESPONDENCY
INCRASSATE; INCRASSATED
INCREATE; INCREATED
INCUSE; INCUSS
INDIGNANCE; INDIGNANCY
INDISCERPIBILITY; INDISCERPTIBILITY
INDISCERPIBLE; INDISCERPTIBLE
INDORSER; INDORSOR
INDRIS; INDRI
INDUCTRIC; INDUCTRICAL
INDULT; INDULTO
INDUSIATE; INDUSIATED
INELEGANCE; INELEGANCY
INEQUIVALVE; INEQUIVALVULAR
INERGETIC; INERGETICAL
INERM; INERMOUS
INEXPEDIENCE; INEXPEDIENCY
INFRASPINATE; INFRASPINOUS
INFREQUENCE; INFREQUENCY
INFUNDIBULAR; INFUNDIBULATE
INGENITE; INGENIT
INGREDIENCE; INGREDIENCY
INHABITANCE; INHABITANCY
INHARMONIC; INHARMONICAL
INHAUL; INHAULER
INHERENCE; INHERENCY
INOPERCULAR; INOPERCULATE
INSIPIDITY; INSIPIDNESS
INSURGENCE; INSURGENCY
INTACTIBLE; INTACTABLE
INTEMERATE; INTEMERATED
INTERCONDYLAR; INTERCONDYLOID
INTERFLUENT; INTERFLUOUS
INTERHEMAL; INTERHAEMAL
INTERJACENCE; INTERJACENCY
INTERLAMELLAR; INTERLAMINAR
INTERLINEAL; INTERLINEAR
INTERLUNAR; INTERLUNARY
INTERNAL-COMBUSTION; INTERNAL-COMBUSTION ENGINE
INTERNECIARY; INTERNECINAL
INTEROSSEAL; INTEROSSEOUS
INTERSPINAL; INTERSPINOUS
INTERUNGULAR; INTERUNGULATE
INTERVAL; INTERVALE
INTERVENIENCE; INTERVENIENCY
INTERWOVE; INTERWOVEN
INTIRE; INTIRELY
INVAGINATE; INVAGINATED
INVERNESS; INVERNESS CAPE
INVIGILANCE; INVIGILANCY
INVIOLATE; INVIOLATED
INVOLUCRATE; INVOLUCRATED
INVOLUTE; INVOLUTED
INWARD; INWARDS
IODO-; IOD-
IRENIC; IRENICAL
IRIDACEOUS; IRIDEOUS
IRIDOSMINE; IRIDOSMIUM
IRP; IRPE
IRRADIANCE; IRRADIANCY
IRREPLEVIABLE; IRREPLEVISABLE
ISABEL; ISABEL COLOR
ISABELLA; ISABELLA COLOR
ISAGELOUS; ISAGEL
ISAGOGIC; ISAGOGICAL
ISATIC; ISATINIC
ISCHION; ISCHIUM
ISMAELIAN; ISMAELITE
ISO-; IS-
ISOCHEIMAL; ISOCHIMAL
ISOCHEIMENAL; ISOCHIMENAL
ISOCLINAL; ISOCLINIC
ISOGEOTHERMAL; ISOGEOTHERMIC
ISOMETRIC; ISOMETRICAL
ISRAELITIC; ISRAELITISH
IXTLE; IXTLI
IXTLE; IXTIL
JACKAROO; JACKEROO
JACOBEAN; JACOBIAN
JACOBINIC; JACOBINICAL
JACOBITIC; JACOBITICAL
JAGANATHA; JAGANATHA
JAGANNATH; JAGANNATHA; JUGGERNAUT
JAHVIST; JAHVISTIC
JAIN; JAINA
JAMBES; JAMBEUX
JAMBOOL; JAMBUL
JANITRESS; JANITRIX
JARVEY; JARVY
JASPIDEAN; JASPIDEOUS
JEQUIRITY; JEQUIRITY BEAN
JEREMIAD; JEREMIADE
JESUITIC; JESUITICAL
JETSAM; JETSON
JEW'S-STONE; JEWSTONE
JIB; JIBB
JIHAD; JEHAD
JIN; JINN
JOLE; JOLL
JOLTERHEAD; JOLTHEAD
JONGLEUR; JONGLER
JONQUIL; JONQUILLE
JORDAN; JORDEN
JUBBAH; JUBBEH; JOOBBEH
JUDAIC; JUDAICAL
JUJUTSU; JUJITSU; JIUJUTSU; JIUJITSU
JUPON; JUPPON
JURIDIC; JURIDICAL
JURISTIC; JURISTICAL
JUSTICO; JUSTICOAT
KADI; KADIASTER
KAFFIR; KAFIR
KALEIDOPHON; KALEIDOPHONE
KALEIDOSCOPIC; KALEIDOSCOPICAL
KAMSIN; KHAMSIN
KANACKA; KANAKA
KANTIANISM; KANTISM
KAOLIN; KAOLINE
KAURI RESIN; KAURI GUM; KAURI COPAL
KELPIE; KELPY
KEMP; KEMPTY
KENDAL GREEN; KENDAL
KERCHIEFED; KERCHIEFT
KERNELED; KERNELLED
KERS; KERSE
KEVEL; KEVIN
KICKSY-WICKSY; KICKY-WISKY
KIDFOX; KID-FOX
KIDNAPER; KIDNAPPER
KIDNEY-FORM; KIDNEY-SHAPED
KILLDEE; KILLDEER
KILOGRAM; KILOGRAMME
KILOGRAMMETER; KILOGRAMMETRE
KILOLITER; KILOLITRE
KILOMETER; KILOMETRE
KINAESTHETIC; KINESTHETIC
KINEMATIC; KINEMATICAL
KINGSTON; KINGSTONE
KITEFLYING; KITEFLIER
KIVIKIVI; KIWIKIWI
KLIPDAS; KLIPDACHS
KNEIPPISM; KNEIPP'S CURE; KNEIPP CURE
KNIFEEDGE; KNIFE-EDGE
KNIGHT SERVICE; KNIGHT'S SERVICE
KNITCH; KNITCHET
KOB; KOBA
KOHINOOR; KOHNUR
KOLA; KOLA NUT
KOLUSCHAN; KOLUSHAN
KRUMMHORN; KRUMHORN
KSHATRIYA; KSHATRUYA
KUMISH; KUMISS
KYRIOLEXY; KYRIOLOGY
KYTHE; KITHE
LABIATIFLORAL; LABIATIFLORAL
LABYRINTHIC; LABYRINTHICAL
LAC; LAKH
LACCOLITE; LACCOLITH
LACERATE; LACERATED
LACHES; LACHE
LACINIATE; LACINIATED
LACKLUSTER; LACKLUSTRE
LACONIC; LACONICAL
LACRYMARY; LACRYTORY; LACRYMOSE
LACTIFIC; LACTIFICAL
LACUNAL; LACUNAR
LACUNOSE; LACUNOUS
LACUSTRAL; LACUSTRINE
LADY'S TRACES; LADIES' TRESSES; LADIES TRESSES
LAGNIAPPE; LAGNAPPE
LAGOPHTHALMIA; LAGOPHTHALMOS
LAIC; LAICAL
LAMAIST; LAMAITE
LAMELLAR; LAMELLARLY
LAMELLATE; LAMELLATED
LAMELLIBRANCHIA; LAMELLIBRANCHIATA
LAMINAR; LAMINAL
LAMMERGEIR; LAMMERGEIER
LANATE; LANATED
LANCEGAY; LANCEGAYE
LANCEOLATE; LANCEOLATED
LANDDROST; LANDTROST
LANDSLIP; LANDSLIDE
LANGRAGE; LANGREL
LANNER; LANNERET
LANTANIUM; LANTANUM
LANUGINOSE; LANUGINOUS
LAOCOON; LAOCOOEN
LAPIDIFIC; LAPIDIFICAL
LAPPONIAN; LAPPONIC
LAPSTREAK; LAPSTRAKE
LARCENER; LARCENIST
LARDON; LARDOON
LARGESS; LARGESSE
LATA; LATAH
LATHEREEVE; LATHREEVE
LATIFOLIATE; LATIFOLIOUS
LATIROSTRAL; LATIROSTROUS
LATON; LATOUN
LA VALLIERE; LAVALLIERE
LAVOLT; LAVOLTA
LAWYERLIKE; LAWYERLY
LAY SHAFT; LAYSHAFT
LAZARET; LAZARETTO
LAZARIST; LAZARITE
LAZARLIKE; LAZARLY
LEASTWAYS; LEASTWISE
LEATHERET; LEATHERETTE
LEBAN; LEBBAN
LEDEN; LEDDEN
LEEANGLE; LIANGLE
LEED; LEEDE
LEFT-HANDEDNESS; LEFT-HANDINESS
LEGGIADRO; LEGGIERO
LEGGING; LEGGIN
LEGISLATRESS; LEGISLATRIX
LEISTER; LISTER
LEMNISCATA; LEMNISCATE
LEMURIDOUS; LEMURINE
LENGER; LENGEST
LENGTHWAYS; LENGTHWISE
LENIENCE; LENIENCY
LENTISCUS; LENTISK
L'ENVOI; L'ENVOY
LEPIDOPTERAL; LEPIDOPTEROUS
LEPIDOTE; LEPIDOTED
LETHARGIC; LETHARGICAL
LEUCIC; LEUCINIC
LEUCO-; LEUC-
LEUCOCYTHAEMIA; LEUCOCYTHEMIA
LEUCOPLAST; LEUCOPLASTID
LEUKE; LEUKENESS
LEVIRATE; LEVIRATICAL
LEVYNE; LEVYNITE
LEWIS; LEWISSON
LEXICOGRAPHIC; LEXICOGRAPHICAL
LEYDEN JAR; LEYDEN PHIAL
LIANE; LIANA
LIBKEN; LIBKIN
LICHENOGRAPHIC; LICHENOGRAPHICAL
LIEBERKUHN; LIEBERKUEHN
LIEBERKUHN'S GLANDS; LIEBERKUEHN'S GLANDS
LIGAMENTAL; LIGAMENTOUS
LIGHT-FOOT; LIGHT-FOOTED
LIGNOSE; LIGNOUS
LIGULATE; LIGULATED
LIKEROUS; LIKEROUSNESS
LIMBO; LIMBUS
LIMBURG CHEESE; LIMBURGER; LIMBURGER CHEESE
LIMPSY; LIMSY
LINCTURE; LINCTUS
LINEATE; LINEATED
LINE-UP; LINEUP
LINGA; LINGAM
LINGUISTIC; LINGUISTICAL
LINKBOY; LINKMAN
LINNAEAN; LINNEAN
LINTIE; LINTWHITE
LISSOM; LISSOME
LITER; LITRE
-LITH; -LITE
LITHOGRAPHIC; LITHOGRAPHICAL
LITHOID; LITHOIDAL
LITHOLOGIC; LITHOLOGICAL
LITHONTHRIPTIC; LITHONTHRYPTIC
LITHOTOMIC; LITHOTOMICAL
LITHOTRITE; LITHOTRITOR
LITURGIC; LITURGICAL
LIXIVIATE; LIXIVITED
LOADMANAGE; LODEMANAGE
LOADSMAN; LODESMAN
LOADSTAR; LODESTAR
LOADSTONE; LODESTONE
LOANIN; LOANING
LOBATE; LOBATED
LOBULATE; LOBULATED
LOCHABER AX; LOCHABER AXE
LOCOMOTIVENESS; LOCOMOTIVITY
LOCULOSE; LOCULOUS
LOGARITHMETIC; LOGARITHMETICAL
LOGARITHMIC; LOGARITHMICAL
LOGISTIC; LOGISTICAL
LOGOGRAPHIC; LOGOGRAPHICAL
LOK; LOKI
LOLLARDISM; LOLLARDY
LOMBARD-HOUSE; LOMBAR-HOUSE
LOREAL; LORAL
LORETO NUNS; LORETTO NUNS
LORIMER; LORINER
LORRIE; LORRY
LOTH; LOTHLY; LOTHSOME
LOTUS-EATER; LOTOS-EATER
LOUVER; LOUVRE
LOVER; LOVERY
LOWGH; LOWH
LOWLIHOOD; LOWLIHEAD
LOZENGED; LOZENGE-SHAPED
LUBRIC; LUBRICAL
LUBRIFICATION; LUBRIFACTION
LUMACHEL; LUMACHELLA
LUMBAR; LUMBAL
LUNATE; LUNATED
LUNULATE; LUNULATED
LUSORIOUS; LUSORY
LUSTER; LUSTRE
LUSTERLESS; LUSTRELESS
LUTHERANISM; LUTHERISM
LYM; LYMHOUND
LYMPHATE; LYMPHATED
LYNDE; LYNDEN
LYRATE; LYRATED
LYRIC; LYRICAL
LYTHONTHRIPTIC; LYTHONTRIPTIC
MACARONIAN; MACARONIC
MACCABOY; MACCOBOY
MACHAERODUS; MACHAIRODUS
MACHIAVELISM; MACHIAVELIANISM
MACKINAW BLANKET; MACKINAW
MACRENCEPHALIC; MACRENCEPHALOUS
MACRODACTYLIC; MACRODACTYLOUS
MACROSCOPIC; MACROSCOPICAL
MACROURA; MACROURAL
MACROZOOSPORE; MACROZOOESPORE
MADECASS; MADECASSEE
MADEFACTION; MADEFICATION
MADREPORIAN; MADREPORIC
MADRONA; MADRONYA
MAEGBOTE; MAGBOTE
MAFFIA; MAFIA
MAFFIOSO; MAFIOSO
MAGIC; MAGICAL
MAGILP; MAGILPH
MAGISTRATIC; MAGISTRATICAL
MAGNETIC; MAGNETICAL
MAGNETO-ELECTRIC; MAGNETO-ELECTRICAL
MAGNIFIC; MAGNIFICAL
MAHABARATA; MAHABHARATAM
MAHOMEDAN; MAHOMETAN
MAHUMETAN; MAHUMETANISM
MAIEUTIC; MAIEUTICAL
MAISTRE; MAISTRIE; MAISTRY
MAJESTATIC; MAJESTATAL
MALARIAL; MALARIAN; MALARIOUS
MALAX; MALAXATE
MALAY; MALAYAN
MALIGNANCE; MALIGNANCY
MALLEMOCK; MALLEMOKE
MALLOW; MALLOWS
MALM; MALMBRICK
MALTIN; MALTINE
MAMMILLATE; MAMMILLATED
MANDIBULATE; MANDIBULATED
MANDIOC; MANDIOCA
MANDOLIN; MANDOLINE
MANEUVER; MANOEUVRE
MANEUVERER; MANOEUVRER
MANGOSTEEN; MANGOSTAN
MANICHAEAN; MANICHEAN; MANICHEE
MANICHAEAN; MANICHEAN
MANICHAEISM; MANICHEISM
MANICHORD; MANICHORDON
MANIHOC; MANIHOT
MANILA; MANILLA
MANITO; MANITOU; MANITU
MANOMETRIC; MANOMETRICAL
MANRED; MANRENT
MANYWAYS; MANYWISE
MARATHI; MAHRATTA
MARCASITIC; MARCASITICAL
MARCHET; MERCHET
MARGARYIZE; MARGARY'S FLUID
MARGRAVATE; MARGRAVIATE
MARITIMAL; MARITIMALE
MARMORATE; MARMORATED
MARMOREAL; MARMOREAN
MARSEILLAIS; MARSEILLAISE
MARSHBANKER; MARSEBANKER
MARSUPIALIAN; MARSUPIAN
MARTINGALE; MARTINGAL
MARTYROLOGIC; MARTYROLOGICAL
MASCAGNIN; MASCAGNITE
MASCOT; MASCOTTE
MASHIE; MASHY
MASORETIC; MASORETICAL
MASSE; MASSE SHOT
MASSEUR; MASSEUSE
MASTABA; MASTABAH
MASTODYNIA; MASTODYNY
MATABELE; MATABELES
MATADORE; MATADOR
MATELOTE; MATELOTTE
MATERIALISTIC; MATERIALISTICAL
MATERIATE; MATERIATED
MAUDLIN; MAUDELINE
MAUGER; MAUGRE
MAUND; MAUNDER
MAUNDY COINS; MAUNDY MONEY
MAVOURNIN; MAVOURNEEN
MAXILLAR; MAXILLARY
MAYAN ARCH; MAYA ARCH
MAZAMA; MAZAME
MAZOURKA; MAZURKA
MEADOWSWEET; MEADOWWORT
MEAGER; MEAGRE
MEAGERLY; MEAGRELY
MEAGERNESS; MEAGRENESS
MEANDROUS; MEANDRY
MEANTIME; MEANWHILE
MEATH; MEATHE
MEDIASTINE; MEDIASTINUM
MEDIATRESS; MEDIATRIX
MEDIEVAL; MEDIEVALISM; MEDIEVALIST
MEDJIDIE; MEDJIDIEH
MEEK; MEEKEN
MEG-; MEGA; MEGALO-
MEGACEPHALIC; MEGACEPHALOUS
MEGALOCEPHALIA; MEGALOCEPHALY
MEGALOSAUR; MEGALOSAURUS
MEGAMETER; MEGAMETRE
MEGARIAN; MEGARIC
MEGASCOPIC; MEGASCOPICAL
MEGASS; MEGASSE
MEGATHERE; MEGATHERIUM
MEGILP; MEGILPH
MEINE; MEINY
MELADA; MELADO
MELAMPYRIN; MELAMPYRITE
MELIBEAN; MELIBOEAN
MELOCOTON; MELOCOTOON
MEMOIR; MEMOIRS
MENALD; MENILD
MENNONIST; MENNONITE
MENOBRANCH; MENOBRANCHUS
MENOLOGIUM; MENOLOGY
MENOPOMA; MENOPOME
MEPHITIC; MEPHITICAL
MERITHAL; MERITHALLUS
MERL; MERLE
MERO; MERO DE LOALTO; MERO CABROLLA
MESAMEBOID; MESAMOEBOID
MESMERIC; MESMERICAL
MESO-; MES-
MESOCOELE; MESOCOELIA
MESOCUNEIFORM; MESOCUNIFORM
MESOGLEA; MESOGLOEA
MESQUITE; MESQUIT
META-; MET-
METABOLA; METABOLE
METABOLA; METABOLIA
METACENTER; METACENTRE
METALLURGIC; METALLURGICAL
METAPHORIC; METAPHORICAL
METAPHRASTIC; METAPHRASTICAL
METASTOMA; METASTOME
METATHETIC; METATHETICAL
METAZOON; METAZOOEN
METEMPIRIC; METEMPIRICAL
METEOROLOGIC; METEOROLOGICAL
METER; METRE
METHODIC; METHODICAL
METHODISTIC; METHODISTICAL
METIF; METIVE
METIS; METISSE
METONYMIC; METONYMICAL
METOPOSCOPIC; METOPOSCOPICAL
MEXAL; MEXICAL
MIASMATIC; MIASMATICAL
MICH; MICHE
MICRO-; MICR-
MICROBE; MICROBION
MICROCEPHALIC; MICROCEPHALOUS
MICROCOSMIC; MICROCOSMICAL
MICROLOGIC; MICROLOGICAL
MICROMETRIC; MICROMETRICAL
MICROORGANISM; MICRO-ORGANISM
MICROPHTHALMIA; MICROPHTHALMY
MICROSCOPIC; MICROSCOPICAL
MICROTOMIC; MICROTOMICAL
MICROZOOSPORE; MICROZOOESPORE
MIDGARD; MIDGARTH; MITHGARTHR
MID SEA; MID-SEA
MILLENARIANISM; MILLENARISM
MILLENNIALISM; MILLENNIARISM
MILLIGRAM; MILLIGRAMME
MILLILITER; MILLILITRE
MILLIMETER; MILLIMETRE
MILLREA; MILLREE; MILLREIS
MILLRIND; MILLRYND
MIMETIC; MIMETICAL
MIMIC; MIMICAL
MINATORIALLY; MINATORILY
MINIACEOUS; MINACEOUS
MINIONLIKE; MINIONLY
MIRIFIC; MIRIFICAL
MISANTHROPIC; MISANTHROPICAL
MISBEGOT; MISBEGOTTEN
MISCREANCE; MISCREANCY
MISPELL; MISPEND
MISTIC; MISTICO
MISTIGRIS; MISTIGRI
MITER; MITRE
MIXTILINEAL; MIXTILINEAR
MNEMONIC; MNEMONICAL
MOHAMMEDANISM; MOHAMMEDISM
MOHAMMEDANIZE; MOHAMMEDIZE
MOHURRUM; MUHARRAM
MOLD; MOULD
MOLDABLE; MOULDABLE
MOLDBOARD; MOULDBOARD
MOLDER; MOULDER
MOLDERY; MOULDERY
MOLDINESS; MOULDINESS
MOLDING; MOULDING
MOLDWARP; MOULDWARP
MOLDY; MOULDY
MOLENDINACEOUS; MOLENDINARIOUS
MOLESTIE; MOLESTY
MOLOKANE; MOLOKANY
MOLT; MOULT
MOMENTANEOUS; MOMENTANY
MONADELPHIAN; MONADELPHOUS
MONADIC; MONADICAL
MONARCHIC; MONARCHICAL
MONASTIC; MONASTICAL
MONECIAN; MONECIOUS
MONGOLS; MONGOLIANS
MONGOOSE; MONGOOS
MONITRESS; MONITRIX
MONO-; MON-
MONOCARPIC; MONOCARPOUS
MONODELPH; MONODELPHIAN
MONODELPHIC; MONODELPHOUS
MONODIC; MONODICAL
MONODRAMA; MONODRAME
MONOGAMIAN; MONOGAMIC
MONOGRAPHIC; MONOGRAPHICAL
MONOMACHIA; MONOMACHY
MONOMANIAC; MONOMANIACAL
MONOMORPHIC; MONOMORPHOUS
MONOMYA; MONOMYARIA
MONOMYARIAN; MONOMYARY
MONOOUSIAN; MONOOUSIOUS
MONOSACCHARIDE; MONOSACCHARID
MONOSPERMAL; MONOSPERMOUS
MONOSYMMETRIC; MONOSYMMETRICAL
MONOTHELISM; MONOTHELITISM
MONOTONIC; MONOTONICAL
MONOTYPE; MONOTYPIC
MONTETH; MONTEITH
MOOLAH; MOOLLAH
MOOT-HALL; MOOT-HOUSE
MOPSEY; MOPSY
MORBIFIC; MORBIFICAL
MORPHOLOGIC; MORPHOLOGICAL
MORTGAGEOR; MORTGAGOR
MORTRESS; MORTREW
MOSASAUR; MOSASAURIAN
MOSSBANKER; MOSSBUNKER
MOSTIC; MOSTICK
MOTOR; MOTORY; MOTORIAL
MOTOR CAR; MOTORCAR
MOTOR CYCLE; MOTORCYCLE
MOULD; MOULDER; MOULDY
MOULINE; MOULINET
MOZARAB; MOZARABIC
MOZETTA; MOZZETTA
MUCK-RAKE; MUCKRAKE; MUCKRAKER
MUCRONATE; MUCRONATED
MUGGER; MUGGAR; MUGGUR
MUGWUMPERY; MUGWUMPISM
MUHAMMADAN; MUHAMMEDAN
MULCTARY; MULCTUARY
MULLERIAN; MUELLERIAN
MULLEY; MOOLLEY
MULTI-; MULT-
MULTILOQUENT; MULTILOQUOUS
MULTINOMINAL; MULTINOMINOUS
MULTINUCLEATE; MULTINUCLEATED
MULTIVAGANT; MULTIVAGOUS
MULTIVALVE; MULTIVALVULAR
MUNGOOSE; MUNGOOS
MUNTIN; MUNTING
MURAENOID; MURENOID
MURICATE; MURICATED
MUSROLE; MUSROL
MUTIC; MUTICOUS
MYCOLOGIC; MYCOLOGICAL
MYOGRAPHIC; MYOGRAPHICAL
MYOLOGIC; MYOLOGICAL
MYRIAGRAM; MYRIAGRAMME
MYRIALITER; MYRIALITRE
MYRIAMETER; MYRIAMETRE
MYROBALAN; MYROBOLAN
MYSTAGOGIC; MYSTAGOGICAL
MYSTIC; MYSTICAL
MYTHIC; MYTHICAL
MYTHOLOGIC; MYTHOLOGICAL
NAD; NADDE
NANDOU; NANDU
NAPHTHALIN; NAPHTHALINE
NAPIERIAN; NAPERIAN
NAPIER'S BONES; NAPIER'S RODS
NARGILE; NARGILEH
NASOPALATAL; NASOPALATINE
NATALITIAL; NATALITIOUS
NAUHEIM TREATMENT; NAUHEIM BATH
NEANDERTHAL; NEANDERTHAL RACE; NEANDERTHAL MAN
NEAPOLITAN ICE; NEAPOLITAN ICE CREAM
NEARSIGHTED; NEARSIGHTEDNESS
NEBULE; NEBULY
NECKMOLD; NECKMOULD
NECROLOGIC; NECROLOGICAL
NECROMANTIC; NECROMANTICAL
NECROSCOPIC; NECROSCOPICAL
NECTOSAC; NECTOSACK
NEELD; NEELE
NEFAND; NEFANDOUS
NEGATIVENESS; NEGATIVITY
NEIF; NEIFE
NEIF; NEAF
NEMATHELMINTHES; NEMATELMINTHES
NEOIMPRESSIONISM; POINTILLISM
NEOLOGIC; NEOLOGICAL
NEOLOGISTIC; NEOLOGISTICAL
NEOTERIC; NEOTERICAL
NEPHELINE; NEPHELITE
NEPHRALGIA; NEPHRALGY
NEPHRITIC; NEPHRITICAL
NEPTUNIAN; NEPTUNIST
NEUROCHORD; NEUROCHORDAL
NEUROCOELE; NEUROCELE
NEUTROPHILE; NEUTROPHIL
NICKAR NUT; NICKAR TREE
NIGHT LETTER; NIGHT LETTERGRAM
NITER; NITRE
NITROBENZOL; NITROBENZOLE
NOBLESS; NOBLESSE
NODOSOUS; NODOUS
NODULOSE; NODULOUS
NOEMATIC; NOEMATICAL
NOETIC; NOETICAL
NOL. PROS.; NOL PROS
NOME; NOMEN
NOMOTHETIC; NOMOTHETICAL
NON COMPOS; NON COMPOS MENTIS
NONCONTRIBUTING; NONCONTRIBUTORY
NONELECTRIC; NONELECTRICAL
NONEMPHATIC; NONEMPHATICAL
NONET; NONETTO
NOOLOGICAL; NOOELOGICAL
NOOLOGIST; NOOELOGIST
NOOLOGY; NOOELOGY
NORN; NORNA
NORTHEASTWARD; NORTHEASTWARDLY
NORTHWARD; NORTHWARDS
NORTHWESTWARD; NORTHWESTWARDLY
NOSETHIRL; NOSETHRIL
NOT-PATED; NOTT-PATED
NOUSEL; NOUSLE
NOUTHE; NOWTHE
NOUVEAU RICHE; NOUVELLE RICHE
NOWAY; NOWAYS
NUBILOSE; NUBILOUS
NUCLEAL; NUCLEAR
NUMERIC; NUMERICAL
NUMISMATIC; NUMISMATICAL
NUMMULAR; NUMMULARY
NUNDINAL; NUNDINARY
NURAGHE; NURAGH
NY; NYE
NYLGHAU; NYLGAU
NYMPHIC; NYMPHICAL
NYMPHLIKE; NYMPHLY
OBCONIC; OBCONICAL
OBDURE; OBDURED
OBDURENESS; OBDUREDNESS
OBFIRM; OBFIRMATE
OBSTETRIC; OBSTETRICAL
OBTUSE-ANGLED; OBTUSE-ANGULAR
OBVOLUTE; OBVOLUTED
OCHER; OCHRE
OCHEROUS; OCHREOUS
OCHLOCRATIC; OCHLOCRATICAL
OCHREATE; OCHREATED
OCREATE; OCREATED
OCTANDRIAN; OCTANDROUS
OCTO-; OCTA-
OCTOGYNIAN; OCTOGYNOUS
OCTOSYLLABIC; OCTOSYLLABICAL
OCULATE; OCULATED
ODALMAN; ODALWOMAN
ODYL; ODYLE
OEILIAD; OEILLADE
OESOPHAGUS; OESOPHAGEAL
OFFENSE; OFFENCE
OFFUSCATE; OFFUSCATION
OGRISM; OGREISM
OLEOSE; OLEOUS
OLID; OLIDOUS
OLIGARCHIC; OLIGARCHICAL
OLIGIST; OLIGISTIC
OLYMPIAN; OLYMPIC
OLYMPIC GAMES; OLYMPIAN GAMES
OMBER; OMBRE
OMNIPERCIPIENCE; OMNIPERCIPIENCY
OMNIPOTENCE; OMNIPOTENCY
OMPHALOPTER; OMPHALOPTIC
ONAGRACEOUS; ONAGRARIEOUS
ONEIROCRITIC; ONEIROCRITICAL
ONEIROCRITICISM; ONEIROCRITICS
ONOMANTIC; ONOMANTICAL
ONTOGENESIS; ONTOGENY
OOGENESIS; OOEGENESIS
OOGONIUM; OOEGONIUM
OOLITE; OOELITE
OOLITIC; OOELITIC
OOLOGICAL; OOELOGICAL
OOLOGIST; OOELOGIST
OOLOGY; OOELOGY
OOMIAC; OOMIAK
OOPACK; OOPAK
OOPHORE; OOEPHORE
OOPHORECTOMY; OOEPHORECTOMY
OOPHORIC; OOEPHORIC
OOPHORIDIUM; OOEPHORIDIUM
OOPHORITIS; OOEPHORITIS
OOPHYTE; OOEPHYTE
OOPHYTIC; OOEPHYTIC
OORIAL; OOERIAL
OOSPERM; OOESPERM
OOSPHERE; OOESPHERE
OOSPORANGIUM; OOESPORANGIUM
OOSPORE; OOESPORE
OOSPORIC; OOESPORIC
OOSTEGITE; OOESTEGITE
OOTHECA; OOETHECA
OOTOOID; OOETOOID; OOTOCOID; OOETOCOID
OOTYPE; OOETYPE
OOZOA; OOEZOA
OPERANCE; OPERANCY
OPERATIC; OPERATICAL
OPERCULATE; OPERCULATED
OPHIOLOGIC; OPHIOLOGICAL
OPHIURIOIDEA; OPHIUROIDEA
OPINIASTER; OPINIATRE
OPINIATOR; OPINIATRE
OPISTHOBRANCHIA; OPISTHOBRANCHIATA
OPISTHOCOELIAN; OPISTHOCOELOUS
OPOBALSAM; OPOBALSAMUM
OPPLETE; OPPLETED
OPTIC; OPTICAL
OPTOCOELE; OPTOCOELIA
OPUSCLE; OPUSCULE
ORACH; ORACHE
ORBIC; ORBICAL
ORBICULATE; ORBICULATED
ORBITUDE; ORBITY
ORF; ORFE
ORGANDIE; ORGANDY
ORGANOGRAPHIC; ORGANOGRAPHICAL
ORGANON; ORGANUM
ORIFLAMB; ORIFLAMME
ORIGAN; ORIGANUM
ORMAZD; AHURA-MAZDA
ORNITHOLOGIC; ORNITHOLOGICAL
OROGRAPHIC; OROGRAPHICAL
ORSEDEW; ORSEDUE
ORTHOEPIC; ORTHOEPICAL
ORTHOGRAPHIC; ORTHOGRAPHICAL
ORTHOPEDIC; ORTHOPEDICAL
ORTHOPNOEA; ORTHOPNY
ORTHOTROPAL; ORTHOTROPOUS
ORYAL; ORYALL
OSPREY; OSPRAY
OSTENSORIUM; OSTENSORY
OSTEOGENESIS; OSTEOGENY
OSTEOLOGIC; OSTEOLOGICAL
OTACOUSTIC; OTACOUSTICON
OTHERGUISE; OTHERGUESS
OTHERWHILE; OTHERWHILES
OTOLITH; OTOLITE
OTOLITHIC; OTOLITIC
OTORRHEA; OTORRHOEA
OUNDED; OUNDY
OUTLUSTER; OUTLUSTRE
OUTMANEUVER; OUTMANOEUVRE
OUTROAD; OUTRODE
OUTWARD; OUTWARDS
OVALBUMIN; OVALBUMEN
OVARIAN; OVARIAL
OVERHAUL; OVERHAULING
OVERHEAD CHARGES; OVERHEAD EXPENSES
OVERSEA; OVERSEAS
OVIPOSITING; OVIPOSITION
OVOID; OVOIDAL
OWSE; OWSER
OXANILAMIDE; OXANILLAMIDE
OXYGONAL; OXYGONIAL
OXYHAEMACYANIN; OXYHAEMOCYANIN
OXYHAEMOGLOBIN; OXYHEMOGLOBIN
OXYOPIA; OXYOPY
PACHISI; PARCHESI; PARCHISI; PARCHEESI
PACHISI; PARCHESI
PACK SADDLE; PACK THREAD
PACO; PACOS
PAGANIC; PAGANICAL
PALAEOGRAPHER; PALAEOGRAPHIC
PALEOGRAPHIC; PALEOGRAPHICAL
PALEOZOOLOGY; PALEOZOOELOGY
PALESIE; PALESY
PALESTINIAN; PALESTINEAN
PALESTRIAN; PALESTRIC; PALESTRICAL
PALINDROMIC; PALINDROMICAL
PALINGENESIS; PALINGENESY
PALMATE; PALMATED
PALMATISECT; PALMATISECTED
PALOLO; PALOLO WORM
PALOMETA; PALLOMETA
PAN-; PANTA-; PANTO-
PANADA; PANADE
PANCRATIC; PANCRATICAL
PANDURATE; PANDURIFORM
PANEGYRIC; PANEGYRICAL
PANIC-STRICKEN; PANIC-STRUCK
PANICULATE; PANICULATED
PANORAMIC; PANORAMICAL
PANSCLAVIC; PANSCLAVISM; PANSCLAVIST; PANSCLAVONIAN
PANSPERMATIST; PANSPERMIST
PANTHEISTIC; PANTHEISTICAL
PANTOGRAPHIC; PANTOGRAPHICAL
PANTOMIMIC; PANTOMIMICAL
PAPISTIC; PAPISTICAL
PAPRIKA; PAPRICA
PARA-ANAESTHESIA; PARA-ANESTHESIA
PARABOLIC; PARABOLICAL
PARACENTRIC; PARACENTRICAL
PARADIGMATIC; PARADIGMATICAL
PARADISAIC; PARADISAICAL
PARADISIAC; PARADISIACAL
PARADISIAL; PARADISIAN
PARADOXER; PARADOXIST
PARAFFIN; PARAFFINE
PARAGOGIC; PARAGOGICAL
PARAGRAPHIC; PARAGRAPHICAL
PARALLACTIC; PARALLACTICAL
PARALLELOGRAMMIC; PARALLELOGRAMMICAL
PARAMOUR; PARAMOURS
PARAPHRASTIC; PARAPHRASTICAL
PARAPLEGIA; PARAPLEGY
PARAQUET; PARAQUITO
PARASITIC; PARASITICAL
PARAVANT; PARAVANT
PARDE; PARDIE
PARDON; REMISSION
PARELLA; PARELLE
PARENCHYMATOUS; PARENCHYMOUS
PARENETIC; PARENETIOAL
PARENTHETIC; PARENTHETICAL
PARFORN; PARFOURN
PARISYLLABIC; PARISYLLABICAL
PARKA; PARKEE
PARLANDO; PARLANTE
PARODIC; PARODICAL
PARONOMASTIC; PARONOMASTICAL
PAROOPHORON; PAROOEPHORON
PARRAKEET; PARAKEET
PARRAL; PARREL
PARSONIC; PARSONICAL
PARTHENOPE; PARTENOPE
PARTY-COLORED; PARTI-COLORED
PARVIS; PARVISE
PARVITUDE; PARVITY
PASCH; PASCHA
PASIGRAPHIC; PASIGRAPHICAL
PASSACAGLIA; PASSACAGLIO
PASSADE; PASSADO
PASSE; PASSEE
PASSIVE BALLOON; PASSIVE AEROPLANE
PASTIL; PASTILLE
PATCHOULI; PATCHOULY
PATHOLOGIC; PATHOLOGICAL
PATIN; PATINE
PATRISTIC; PATRISTICAL
PATTE; PATTEE
PAUGIE; PAUGY
PAULIAN; PAULIANIST
PAVESE; PAVESSE
PAWNER; PAWNOR
PAY DIRT; PAY ROCK
PEARLINS; PEARLINGS
PEARLITE; PEARLSTONE
PEAVEY; PEAVY
PECTINATE; PECTINATED
PEDAGOGIC; PEDAGOGICAL
PEDANTIC; PEDANTICAL
PEDI-; PEDO-
PEDLAR; PEDLER
PEDOMETRIC; PEDOMETRICAL
PEDUNCULATE; PEDUNCULATED
PEERIE; PEERY
PEEVIT; PEEWIT
PELASGIAN; PELASGIC
PELFRAY; PELFRY
PELLUCIDITY; PELLUCIDNESS
PELTATE; PELTATED
PENCILLATE; PENCILLATED
PENETRANCE; PENETRANCY
PENNATE; PENNATED
PENNONCEL; PENNONCELLE
PENTADACTYL; PENTADACTYLE
PENTAGRAPHIC; PENTAGRAPHICAL
PENTAGYNIAN; PENTAGYNOUS
PENTANDRIAN; PENTANDROUS
PENTELIC; PENTELICAN
PENTOSAN; PENTOSANE
PENUCHLE; PINOCLE
PEPERINE; PEPERINO
PERCIPIENCE; PERCIPIENCY
PERDU; PERDUE
PERDURANCE; PERDURATION
PERFORATE; PERFORATED
PERGAMENOUS; PERGAMENTACEOUS
PERICARDIAC; PERICARDIAL
PERICARPIAL; PERICARPIC
PERICLASE; PERICLASITE
PERIGEE; PERIGEUM
PERIHELION; PERIHELIUM
PERIMETRIC; PERIMETRICAL
PERIODIC; PERIODICAL
PERIOECI; PERIOECIANS
PERIPHERIC; PERIPHERICAL
PERIPHRASTIC; PERIPHRASTICAL
PERIPNEUMONIA; PERIPNEUMONY
PERISCIANS; PERISCII
PERISPHERIC; PERISPHERICAL
PERJURIOUS; PERJUROUS
PERMANENCE; PERMANENCY
PERSISTENCE; PERSISTENCY
PERTINENCE; PERTINENCY
PERTUSE; PERTUSED
PESHITO; PESHITTO
PESSIMIST; PESSIMISTIC
PETARDEER; PETARDIER
PETIOLAR; PETIOLARY
PETIOLATE; PETIOLATED
PETROGRAPHIC; PETROGRAPHICAL
PETROLEUR; PETROLEUSE
PETROLOGIC; PETROLOGICAL
PETULANCE; PETULANCY
PETUNSE; PETUNTSE; PETUNTZE
PHAENOGAMIAN; PHAENOGAMIC
PHAGEDENIC; PHAGEDENICAL
PHALANGEAL; PHALANGAL
PHALANGIAL; PHALANGIAN
PHALANGISTER; PHALANGISTINE
PHALANSTERISM; PHALANSTERIANISM
PHANARIOT; PHANARIOTE
PHANEROGAMIC; PHANEROGAMOUS
PHANTASTIC; PHANTASTICAL
PHARISAIC; PHARISAICAL
PHARMACEUTIC; PHARMACEUTICAL
PHASE METER; PHASEMETER
PHASM; PHASMA
PHENACETIN; PHENACETINE
PHENOGAMIAN; PHENOGAMIC; PHENOGAMOUS
PHENOLPHTHALEIN; PHENOL PHTHALEIN
PHILANTHROPIC; PHILANTHROPICAL
PHILOLOGICAL; PHILOLOGIC
PHILOPOLEMIC; PHILOPOLEMICAL
PHILOSOPHIC; PHILOSOPHICAL
PHILOSOPHISTIC; PHILOSOPHISTICAL
PHILOTECHNIC; PHILOTECHNICAL
PHLEBOLITE; PHLEBOLITH
PHONOGRAPHIC; PHONOGRAPHICAL
PHONOLOGIC; PHONOLOGICAL
PHONOTYPIC; PHONOTYPICAL
PHOTOCHROMIC; PHOTOCHROMATIC
PHOTO-ELECTRIC; PHOTO-ELECTRICAL
PHOTOGRAPHIC; PHOTOGRAPHICAL
PHOTOLOGIC; PHOTOLOGICAL
PHOTOMETRIC; PHOTOMETRICAL
PHOTOMETRICIAN; PHOTOMETRIST
PHOTOTAXIS; PHOTOTAXY
PHRASEOLOGIC; PHRASEOLOGICAL
PHRENETIC; PHRENETICAL
PHTHISIPNEUMONIA; PHTHISIPNEUMONY
PHYCOCYANIN; PHYCOCYANINE
PHYCOERYTHRIN; PHYCOERYTHRINE
PHYCOXANTHIN; PHYCOXANTHINE
PHYLACTERIC; PHYLACTERICAL
PHYLACTOLAEMA; PHYLACTOLAEMATA
PHYLACTOLEMA; PHYLACTOLEMATA
PHYLLOTAXY; PHYLLOTAXIS
PHYLOGENESIS; PHYLOGENY
PHYSIOGNOMIC; PHYSIOGNOMICAL
PHYSIOGRAPHIC; PHYSIOGRAPHICAL
PHYTOGENESIS; PHYTOGENY
PHYTOMER; PHYTOMERON
PHYTOZOON; PHYTOZOOEN
PIANO; PIANOFORTE
PICCADIL; PICCADILLY
PICKAX; PICKAXE
PICK-UP; PICKUP
PICLE; PICKLE
PICOTEE; PICOTINE
PICTORIC; PICTORICAL
PIEPOUDRE; PIEPOWDER
PIETISTIC; PIETISTICAL
PIFFERO; PIFFARA
PIGMENTAL; PIGMENTARY
PIKELET; PIKELIN
PILEATE; PILEATED
PILOTISM; PILOTRY
PILOT LAMP; PILOT LIGHT
PINA CLOTH; PINYA CLOTH
PINDAL; PINDAR
PINE-CLAD; PINE-CROWNED
PINNATE; PINNATED
PINON; PINYON
PIPELAYER; PIPE LAYER
PIPELAYING; PIPE LAYING
PIPERAZINE; PIPERAZIN
PIPISTREL; PIPISTRELLE
PIRRY; PIRRIE
PISCATORIAL; PISCATORY
PISTEL; PISTIL
PIXY; PIXIE
PLANETIC; PLANETICAL
PLANET-STRICKEN; PLANET-STRUCK
PLANI-; PLANO-
PLANIMETRIC; PLANIMETRICAL
PLASMATIC; PLASMATICAL
PLASMON; PLASMON BUTTER
PLASTID; PLASTIDE
PLATONIC; PLATONICAL
PLATYCEPHALIC; PLATYCEPHALOUS
PLECTOGNATHIC; PLEC-TOGNATHOUS
PLEDGEOR; PLEDGOR
PLENIPOTENCE; PLENIPOTENCY
PLEONASTIC; PLEONASTICAL
PLETHRON; PLETHRUM
PLEURITIC; PLEURITICAL
PLEUROCARPIC; PLEUROCARPOUS
PLICATE; PLICATED
PLOW; PLOUGH
PLOWABLE; PLOUGHABLE
PLOWBOTE; PLOUGHBOTE
PLOWBOY; PLOUGHBOY
PLOWER; PLOUGHER
PLOWFOOT; PLOUGHFOOT
PLOWGANG; PLOUGHGANG
PLOWGATE; PLOUGHGATE
PLOWHEAD; PLOUGHHEAD
PLOWLAND; PLOUGLAND
PLOWMAN; PLOUGHMAN
PLOWPOINT; PLOUGHPOINT
PLOWSHARE; PLOUGHSHARE
PLOWTAIL; PLOUGHTAIL
PLOWWRIGHT; PLOUGHWRIGHT
PLUMBEAN; PLUMBEOUS
PLUMOSE; PLUMOUS
PNEUMATIC; PNEUMATICAL
PNEUMOOTOKA; PNEUMOOETOKA
POAK; POAKE
PODAGRIC; PODAGRICAL
PODOPHTHALMIC; PODOPHTHALMOUS
POETIC; POETICAL
POICILE; POECILE
POIKILOTHERMAL; POIKILOTHERMIC
POINT-DEVICE; POINT-DEVISE
POLEAX; POLEAXE
POLLIWIG; POLLIWOG
POLT-FOOT; POLT-FOOTED
POLYADELPHIAN; POLYADELPHOUS
POLYCARPIC; POLYCARPOUS
POLYGENESIS; POLYGENY
POLYGRAPHIC; POLYGRAPHICAL
POLYGYNIAN; POLYGYNOUS
POLYHEDRAL; POLYHEDRICAL
POLYOPTRON; POLYOPTRUM
POLYPHOTAL; POLYPHOTE
POLYPRAGMATIC; POLYPRAGMATICAL
POLYSYLLABIC; POLYSYLLABICAL
POLYTHEISTIC; POLYTHEISTICAL
POLYZOON; POLYZOOEN
POPPY; POPPYHEAD
PORCELANEOUS; PORCELLANEOUS
PORCELANOUS; PORCELLANOUS
PORISMATIC; PORISMATICAL
PORISTIC; PORISTICAL
PORTGREVE; PORTGRAVE
POSEUR; POSEUSE
POSOLOGIC; POSOLOGICAL
POSTDILUVIAL; POSTDILUVIAN
POSTEXILIAN; POSTEXILIC
POSTHUME; POSTHUMED
POSTLIMINIUM; POSTLIMINY
POST-OBIT; POST-OBIT BOND
POTICHOMANIA; POTICHOMANIE
POTSHARD; POTSHARE
POUF; POUFFE
POULP; POULPE
POUNDKEEPER; POUND-KEEPER
POWAN; POWEN
POYND; POYNDER
POZZUOLANA; POZZOLANA
PRAEORAL; PRAEPUBIS; PRAESCAPULA; PRAESCUTUM; PRAESTERNUM
PRAGMATIC; PRAGMATICAL
PRAM; PRAME
PRECATIVE; PRECATORY
PRECEDENCE; PRECEDENCY
PRECELLENCE; PRECELLENCY
PRECIPITANCE; PRECIPITANCY
PRECOCIOUSNESS; PRECOCITY
PRELATIC; PRELATICAL
PRELATURE; PRELATURESHIP
PREMIAL; PREMIANT
PREPOLLENCE; PREPOLLENCY
PREPONDERANCE; PREPONDERANCY
PRERAPHAELISM; PRERAPHAELITISM
PRESENT VALUE; PRESENT WORTH
PRESIDIAL; PRESIDIARY
PRETENCE; PRETENCEFUL; PRETENCELESS
PRETENSE; PRETENCE
PRICKLEBACK; PRICKLEFISH
PRIMIGENIOUS; PRIMIGENOUS
PRINCOCK; PRINCOX
PRISMATIC; PRISMATICAL
PROBLEMATIC; PROBLEMATICAL
PROCIDENCE; PROCIDENTIA
PROCONSULAR; PROCONSULARY
PRODUCER'S SURPLUS; PRODUCER'S RENT
PROFICIENCE; PROFICIENCY
PROLEPTIC; PROLEPTICAL
PROMINENCE; PROMINENCY
PRONEPHROS; PRONEPHRON
PROOSTRACUM; PROOESTRACUM
PROOTIC; PROOETIC
PROPAEDEUTIC; PROPAEDEUTICAL
PROPHETIC; PROPHETICAL
PROPHYLACTIC; PROPHYLACTICAL
PROSAIC; PROSAICAL
PROTECTRESS; PROTECTRIX
PROTEGE; PROTEGEE
PROTHALAMION; PROTHALAMIUM
PROTHONOTARY; PROTONOTARY
PROTOORGANISM; PROTOOERGANISM
PROTOZOON; PROTOZOOEN
PROTOZOONITE; PROTOZOOENITE
PROVAND; PROANT
PRUNELLA; PRUNELLO
PRURIENCE; PRURIENCY
PSALMODIC; PSALMODICAL
PSALMOGRAPHER; PSALMOGRAPHIST
PSEUDEPIGRAPHIC; PSEUDEPIGRAPHIC
PSITTACEOUS; PSITTACID
PSYCHIATRIA; PSYCHIATRY
PSYCHIC; PSYCHICAL
PSYCHOANALYSIS; PSYCHOANALYTIC
PSYCHOLOGIC; PSYCHOLOGICAL
PUBLIC-SERVICE CORPORATION; QUASI-PUBLIC CORPORATION
PUDDING FISH; PUDDING WIFE
PUGGRY; PUGGREE
PULICOSE; PULICOUS
PULMOBRANCHIATA; PULMOBRANCHIATE
PULTESSE; PULTISE
PULVILLIO; PULVILLO
PULVINATE; PULVINATED
PUNCTATED; PUNCTATED
PUNCTULATE; PUNCTULATED
PUNICEOUS; PUNICIAL
PUNTIL; PUNTEL
PURFLE; PURFLEW
PURGATORIAL; PURGATORIAN
PURISTIC; PURISTICAL
PURITANIC; PURITANICAL
PURLIN; PURLINE
PURSUANT; PURSUANTLY
PURULENCE; PURULENCY
PURVEANCE; PURVEIAUNCE
PUSEYISTIC; PUSEYITE
PUSTULATE; PUSTULATED
PUTIDITY; PUTIDNESS
PUZZOLAN; PUZZOLANA
PYGARG; PYGARGUS
PYGMY; PYGMEAN
PYJAMAS; PAJAMAS
PYRAMIDIC; PYRAMIDICAL
PYRAZINE; PYRAZIN
PYREXIAL; PYREXICAL
PYRITIC; PYRITICAL
PYRO-; PYR-
PYROLIGNEOUS; PYROLIGNIC
PYROMETRIC; PYROMETRICAL
PYROPHORIC; PYROPHOROUS
PYROTECHNIC; PYROTECHNICAL
PYROURIC; PYROUERIC
PYRRHONEAN; PYRRHONIC
PYRRHOTINE; PYRRHOTITE
PYTHAGORIC; PYTHAGORICAL
QUAD; QUADE
QUADRIFOIL; QUADRIFOLIATE
QUADRIGEMINAL; QUADRIGEMINOUS
QUADRILOBATE; QUADRILOBED
QUADRISYLLABIC; QUADRI-SYLLABICAL
QUAHOG; QUAHAUG
QUAIGH; QUAICH
QUARTERON; QUARTEROON
QUARTET; QUARTETTE
QUASCHI; QUASJE
QUATREFEUILLE; QUATREFOIL
QUECH; QUECK
QUIDDLE; QUIDDLER
QUIESCENCE; QUIESCENCY
QUININISM; QUINISM
QUINQUEDENTATE; QUINQUEDENTATED
QUINQUEFOLIATE; QUINQUEFOLIATED
QUINQUELOBATE; QUINQUELOBARED
QUINQUEVALVE; QUINQUEVALVULAR
QUINTET; QUINTETTE
QUINTUPLE-NERVED; QUINTUPLE-RIBBED
RABBINIC; RABBINICAL
RACH; RACHE
RADIANCE; RADIANCY
RAGABASH; RAGABRASH
RAGGIE; RAGGY
RAGNAROK; RAGNAROK
RAGULED; RAGGULED
RAILROAD; RAILWAY
RAJPOOT; RAJPUT
RAKEHELL; RAKEHELLY
RAKI; RAKEE
RAPID-FIRE; RAPID-FIRING
RATH; RATHE
RATIONALISTIC; RATIONALISTICAL
RATLINES; RATLINS
RAVIN; RAVINE
REAFFIRMANCE; REAFFIRMATION
REARDORSE; REARDOSS
REARMOUSE; REREMOUSE
REBAPTISATION; REBAPTIZATION
RECIPIENCE; RECIPIENCY
RECOGNIZOR; RECOGNISOR
RECOMMITMENT; RECOMMITTAL
RECONNOISSANCE; RECONNAISSANCE
RECONNOITER; RECONNOITRE
RECOUP; RECOUPE
RECRUDESCENCE; RECRUDESCENCY
RECTILINEAL; RECTILINEAR
RECULE; RECULEMENT
RECUPERATIVE; RECUPERATORY
RECURRENCE; RECURRENCY
RED DOG FLOUR; RED-DOG FLOUR
RED-HAND; RED-HANDED
REDLEG; REDLEGS
REDOLENCE; REDOLENCY
REDUNDANCE; REDUNDANCY
REECHO; RE-ECHO
REFLUENCE; REFLUENCY
REFULGENCE; REFULGENCY
RELEVANCE; RELEVANCY
RELIGIEUSE; RELIGIEUX
RELIGIONARY; RELIGIONER
RELUCTANCE; RELUCTANCY
REMANENCE; REMANENCY
REMARQUE; REMARK; REMARQUE PROOF
REMERCIE; REMERCY
REMEVE; REMEWE
REMOLADE; REMOULAD
REMOLADE; REMOULADE
REMOLD; REMOULD
RENITENCE; RENITENCY
RENVERSE; RENVERSE
REPELLENCE; REPELLENCY
REPETITIONAL; REPETITIONARY
REPLICATE; REPLICATED
REPUGNANCE; REPUGNANCY
RESILIENCE; RESILIENCY
RESPLENDENCE; RESPLENDENCY
RESPONDENCE; RESPONDENCY
RETICULATE; RETICULATED
RETINASPHALT; RETINASPHALTUM
RETRIBUTIVE; RETRIBUTORY
RETROFLEX; RETROFLEXED
RETROFRACT; RETROFRACTED
REVERIE; REVERY
REVISIONAL; REVISIONARY
REVIVISCENCE; REVIVISCENCY
RHABARBARIN; RHABARBARINE
RHADAMANTHUS; RHADAMANTHYS
RHAETIC; RHETIC
RHAETIZITE; RHETIZITE
RHAPSODIC; RHAPSODIC
RHATANY; RHATANHY
RHINOCERIAL; RHINOCERICAL
RHINOLITE; RHINOLITH
RHYTHMIC; RHYTHMICAL
RIBAUDRED; RIBAUDROUS
RIDGEPIECE; RIDGEPLATE
RIPLER; RIPPER
RIPPER ACT; RIPPER BILL
RISQUE; RISQUEE
RITORNELLE; RITORNELLO
ROBALO; ROBALITO
ROBERDSMAN; ROBERTSMAN
ROBOREAN; ROBOREOUS
ROCKELAY; ROCKLAY
ROKEAGE; ROKEE
ROLLICHE; ROLLEJEE; ROLLICHIE
ROMEINE; ROMEITE
ROME PENNY; ROME SCOT
RONION; RONYON
RONNE; RONNEN
ROORBACK; ROORBACH
ROQUEFORT CHEESE; ROQUEFORT
ROSENMULLER'S ORGAN; ROSENMUELLER'S ORGAN
ROSTRATE; ROSTRATED
ROUN; ROWN
ROYSTER; ROYSTERER
RUBELL; RUBELLE
RUBIGINOSE; RUBIGINOUS
RUBRIC; RUBRICAL
RUBRICIAN; RUBRICIST
RUDESHEIMER; RUEDESHEIMER
RUFF; RUFFE
RUMINATE; RUMINATED
RUSSOPHILE; RUSSOPHILIST
RUSSOPHOBE; RUSSOPHOBIST
SABAEISM; SABAISM
SABBATIC; SABBATICAL
SABER; SABRE
SABERBILL; SABREBILL
SACCHAROID; SACCHAROIDAL
SACRIFIC; SACRIFICAL
SADDUCEEISM; SADDUCISM
SAHIB; SAHEB
SAKIEH; SAKIYEH
SALEABLE; SALEABLY
SALLET; SALLETING
SALPIAN; SALPID
SALTPETER; SALTPETRE
SAMSHOO; SAMSHU
SANCE-BELL; SANCTE BELL
SANDARACH; SANDARAC
SANGA; SANGU
SANGRAAL; SANGREAL
SANHEDRIN; SANHEDRIM
SARACENIC; SARACENICAL
SARCASTIC; SARCASTICAL
SARCO; SARCO-
SARCOCOL; SARCOCOLLA
SARCODERM; SARCODERMA
SARCOLOGIC; SARCOLOGICAL
SARDAN; SARDEL
SARLAC; SARLYK
SARMATIAN; SARMATIC
SARRASIN; SARRASINE
SASSABY; SASSABYE
SASSOLIN; SASSOLINE
SASSOROL; SASSOROLLA
SATANIC; SATANICAL
SATIRIC; SATIRICAL
SATYRIC; SATYRICAL
SAUCISSON; SAUCISSE
SAUGH; SAUH
SAUT; SAUTE
SAVIN; SAVINE
SAVORY; SAVOURY
SAVVY; SAVVEY
SCALADE; SCALADO
SCAMELL; SCAMMEL
SCAPULAR; SCAPULARY
SCARAB; SCARABEE
SCARCE; SCARCELY
SCARCENESS; SCARCITY
SCARIOSE; SCARIOUS
SCARMAGE; SCARMOGE
SCAT; SCATT
SCATHE; SCATH
SCENIC; SCENICAL
SCENOGRAPHIC; SCENOGRAPHICAL
SCEPTER; SCEPTRE
SCEPTERLESS; SCEPTRELESS
SCEPTIC; SCEPTICAL; SCEPTICISM
SCHETIC; SCHETICAL
SCHISTOSE; SCHISTOUS
SCHIZOPOD; SCHIZOPODOUS
SCHOTTISH; SCHOTTISCHE
SCHWEITZERKASE; SCHWEITZERKAESE
SCHWENKFELDER; SCHWENKFELDIAN
SCIATHERIC; SCIATHERICAL
SCIMITER; SCIMITAR
SCLAV; SCLAVE
SCLERODERMIC; SCLERODERMOUS
SCOPTIC; SCOPTICAL
SCORBUTIC; SCORBUTICAL
SCORPIOID; SCORPIOIDAL
SCOTAL; SCOTALE
SCRATCH PLAYER; SCRATCH RUNNER
SCROBICULATE; SCROBICULATED
SCROD; SCRODE
SCULK; SCULKER
SCUTELLATE; SCUTELLATED
SCYPHOMEDUSA; SCYPHOMEDUSAE
SEA CATFISH; SEA CAT
SEA CRAWFISH; SEA CRAYFISH
SEA-GATE; SEA-GAIT
SEA GHERKIN; SEA GIRKIN
SEALGH; SELCH
SEA POACHER; SEA POKER
SEAR; SERE
SEAWAN; SEAWANT
SECRETARIAT; SECRETARIATE
SEEDLIP; SEEDLOP
SEEL; SEELING
SEEP; SIPE
SEEPAGE; SIPAGE
SEEPY; SIPY
SEGNITUDE; SEGNITY
SEISMIC; SEISMAL
SEJANT; SEJEANT
SELENITIC; SELENITICAL
SELENOGRAPHIC; SELENOGRAPHICAL
SELF-CENTERED; SELF-CENTRED
SELF-CENTERING; SELF-CENTRING
SELJUKIAN; SELJUCKIAN
SELLANDERS; SELLENDERS
SELVAGE; SELVEDGE
SELVAGED; SELVEDGED
SEMAPHORIC; SEMAPHORICAL
SEMEIOGRAPHY; SEMIOGRAPHY
SEMEIOLOGICAL; SEMIOLOGIOAL
SEMEIOLOGY; SEMIOLOGY
SEMEIOTIC; SEMIOTIC
SEMEIOTICS; SEMIOTICS
SEMICUBIUM; SEMICUPIUM
SEMICYLINDRIC; SEMICYLYNDRICAL
SEMINARIAN; SEMINARIST
SEMINIFIC; SEMINIFICAL
SEMIOGRAPHY; SEMIOLOGY; SEMIOLOGICAL
SEMIPALMATE; SEMIPALMATED
SEMIQUADRATE; SEMIQUARTILE
SEMISPHERIC; SEMISPHERICAL
SENOR; SENHOR
SENORA; SENHORA
SENORITA; SENHORITA
SENSATE; SENSATED
SENTIENCE; SENTIENCY
SEPTENTRION; SEPTENTRIONAL
SEPTET; SEPTETTE
SEPTIC; SEPTICAL
SEPULCHER; SEPULCHRE
SERAPHIC; SERAPHICAL
SERENATA; SERENATE
SERFAGE; SERFDOM
SERFHOOD; SERFISM
SERIO-COMIC; SERIO-COMICAL
SERJEANT; SERJEANTCY
SERMONIC; SERMONICAL
SERON; SEROON
SEROW; SURROW
SERPULIAN; SERPULIDAN
SERRATE; SERRATED
SERRULATE; SERRULATED
SERVICE; SERVICE
SERVICE CAP; SERVICE HAT
SESQUIALTER; SESQUIALTERA
SESQUIALTERAL; SESQUIALTERATE
SESQUIPEDAL; SESQUIPEDALIAN
SESQUIPEDALIANISM; SESQUIPEDALISM
SESQUITERTIAN; SESQUITERTIANAL
SETOSE; SETOUS
SEXANGLED; SEXANGULAR
SEXFID; SEXIFID
SEXTET; SEXTETTO
SEY; SEYH
SEYE; SEYEN
SFORZANDO; SFORZATO
SHABBLE; SHABBLE
SHAFTMAN; SHAFTMENT
SHAGREEN; SHAGREENED
SHAITAN; SHEITAN
SHAMOIS; SHAMOY
SHASTER; SHASTRA
SHATTER-BRAINED; SHATTER-PATED
SHEELFA; SHILFA
SHEEPCOT; SHEEPCOTE
SHEIL; SHEILING
SHELDAFLE; SHELDAPLE
SHELLAC; SHELL-LAC
SHELTIE; SHELTY
SHEMITIC; SHEMITISH
SHEREEF; SHERIF
SHERIFFALTY; SHERIFFDOM; SHERIFFRY; SHERIFFSHIP; SHERIFFWICK
SHIITE; SHIAH
SHIKAREE; SHIKARI
SHILLALAH; SHILLELAH
SHILL-I-SHALL-I; SHILLY-SHALLY
SHINTIYAN; SHINTYAN
SHINTO; SHINTIISM
SHIST; SHISTOSE
SHITTAH; SHITTAH TREE
SHITTIM; SHITTIM WOOD
SHODE; SHODING
SHOEHORN; SHOEING-HORN
SHORL; SHORLACEOUS
SHOVEBOARD; SHOVEGROAT
SHRAP; SHRAPE
SIBILANCE; SIBILANCY
SICKER; SIKER
SICKERLY; SIKERLY
SICKERNESS; SIKERNESS
SIDEROGRAPHIC; SIDEROGRAPHICAL
SIGMOID; SIGMOIDAL
SIGNIFICANCE; SIGNIFICANCY
SIGNOR; SIGNORE
SIK; SIKE
SIKER; SIKERLY; SIKERNESS
SILIQUOSE; SILIQUOUS
SILVAS; SELVAS
SIMOOM; SIMOON
SIMULACHER; SIMULACHRE
SINAIC; SINAITIC
SINOPIA; SINOPIS
SINTO; SINTU; SINTOISM; SINTOIST
SIRUP; SYRUP
SIRUPED; SYRUPED
SIRUPY; SYRUPY
SISAL GRASS; SISAL HEMP
SISERARA; SISERARY
SITH; SITHE
SITHENCE; SITHENS
SITUATE; SITUATED
SKAR; SKARE
SKEELDUCK; SKEELGOOSE
SKELDRAKE; SKIELDRAKE
SKEPTIC; SKEPTICAL
SKIAGRAPH; SKIAGRAPHY
SKIASCOPE; SCIASCOPE
SKOLECITE; SKOLEZITE
SKULK; SKULKER
SLACK; SLACKEN
SLAMKIN; SLAMMERKIN
SLANTWISE; SLANTLY
SLAPPER; SLAPPING
SLAVONIAN; SLAVONIC
SLAVOPHIL; SLAVOPHILE
SLAW; SLAWEN
SLICH; SLICK
SLIDDER; SLIDDERLY; SLIDDERY
SLOCK; SLOCKEN
SLOO; SLUE
SLOSH; SLOSHY
SMALTINE; SMALTITE
SMERK; SMERKY
SMITTLE; SMITTLISH
SMOLDER; SMOULDER
SMOLDERING; SMOULDERING
SMOLDERINGNESS; SMOULDERINGNESS
SMOLDRY; SMOULDRY
SMORZANDO; SMORSATO
SNAPSHOT; SNAP SHOT
SNEATH; SNEATHE
SNED; SNEED
SNIDER RIFLE; SNIDER
SNIG; SNIGG
SNITHE; SNITHY
SNOWPLOW; SNOWPLOUGH
SOCIALIST; SOCIALISTIC
SOCIOLOGIC; SOCIOLOGICAL
SOCRATIC; SOCRATICAL
SOFT-SHELL; SOFT-SHELLED
SOLER; SOLERE
SOLUS; SOLA
SOMAJ; SAMAJ
SOMALI; SOMAL
SOMBER; SOMBRE
SOMBERLY; SOMBRELY
SOMBERNESS; SOMBRENESS
SOMERSAULT; SOMERSET
SOMNOLENCE; SOMNOLENCY
SOMONAUNCE; SOMONCE
SONCY; SONSY
SOND; SONDE
SOOFEE; SOOFEEISM
SOOT; SOOTE
SOPHIC; SOPHICAL
SOPHISTIC; SOPHISTICAL
SOPHISTICATE; SOPHISTICATED
SOPHOMORIC; SOPHOMORICAL
SOPOROSE; SOPOROUS
SOREDIFEROUS; SOREDIIFEROUS
SOTEL; SOTIL
SOTHIAC; SOTHIC
SOUDED; SOUDET
SOUS; SOUSE
SOUTHEASTWARD; SOUTHEASTWARDLY
SOUTH; SOUTHERLY
SOUTHWARD; SOUTHWARDS
SOUTHWESTWARD; SOUTHWESTWARDLY
SOUVENANCE; SOVENAUNCE
SOWL; SOWLE
SPACE BAR; SPACE KEY
SPAGYRIC; SPAGYRICAL
SPAHI; SPAHEE
SPARAGE; SPARAGUS; SPARAGRASS
SPAYAD; SPAYADE
SPECTATRESS; SPECTATRIX
SPECTER; SPECTRE
SPECTROSCOPIC; SPECTROSCOPICAL
SPER; SPERRE
SPERMATO-; SPERMO-
SPERMATOON; SPERMATOOEN
SPERMATORRHEA; SPERMATORRHOEA
SPERMATOZOON; SPERMATOZOOEN
SPHACELATE; SPHACELATED
SPHERICAL; SPHERIC
SPHEROIDIC; SPHEROIDICAL
SPHEROIDICITY; SPHEROIDITY
SPICATE; SPICATED
SPIDER WEB; SPIDER'S WEB
SPILLET FISHING; SPILLIARD FISHING
SPINACH; SPINAGE
SPINEL; SPINELLE
SPINULOSE; SPINULOUS
SPIROCHAETA; SPIROCHAETE
SPIROYLIC; SPIROYLOUS
SPLAYFOOT; SPLAYFOOTED
SPLENDROUS; SPLENDOROUS
SPLIT SHOT; SPLIT STROKE
SPONDAIC; SPONDAICAL
SPONDYL; SPONDYLE
SPONGIOSE; SPONGIOUS
SPRINGAL; SPRINGALD; SPRINGALL
SPRINGBOK; SPRINGBUCK
SPRITEFUL; SPRITEFULLY; SPRITELINESS; SPRITELY
SPUMOUS; SPUMY
SPYNACE; SPYNE
SQUAMATE; SQUAMATED
SQUAMOSE; SQUAMOUS
SQUIERIE; SQUIERY
SQUINANCE; SQUINANCY
SQUIR; SQUIRR
STABLEBOY; STABLEMAN
STADIA HAIRS; STADIA WIRES
STADTHOLDERATE; STADTHOLDERSHIP
STAG-HORN CORAL; STAG-HORN FERN
STAHLISM; STAHLIANISM
STALACTIC; STALACTICAL
STALACTITIC; STALACTITICAL
STALAGMITIC; STALAGMITICAL
STALWART; STALWORTH
STALWORTHHOOD; STALWORTHNESS
STAMINEAL; STAMINEOUS
STANDERATH; STANDERAT
STANNINE; STANNITE
STANNYEL; STANYEL
STANT; STONT
STAPHYLORAPHY; STAPHYLORRHAPHY
STATIC; STATICAL
STATISTIC; STATISTICAL
STATUS IN QUO; STATUS QUO
STAUNCH; STAUNCHLY; STAUNCHNESS
STED; STEDFAST; STEDFASTLY
STEEK; STEIK
STEENKIRK; STEINKIRK
STELLAR; STELLARY
STELLATE; STELLATED
STELLERIDAN; STELLERIDEAN
STEM; STEEM
STENOGRAPHIC; STENOGRAPHICAL
STEREO-CHEMIC; STEREO-CHEMICAL
STEREOGRAPHIC; STEREOGRAPHICAL
STEREOMETRIC; STEREOMETRICAL
STEREOSCOPIC; STEREOSCOPICAL
STEREOTOMIC; STEREOTOMICAL
STETHOSCOPIC; STETHOSCOPICAL
STIGMATIC; STIGMATICAL
STILTON CHEESE; STILTON
STIMEY; STIMIE
STING RAY; STINGRAY
STIPPLE; STIPPLING
STIPULACEOUS; STIPULAR
STOECHIOLOGY; STOECHIOMETRY
STOIC; STOICAL
STOICHIOMETRIC; STOICHIOMETRICAL
STOMACHIC; STOMACHICAL
STOOR; STOR
STOPE; STOPEN
STOVAIN; STOVAINE
STRATEGETIC; STRATEGETICAL
STRATEGIC; STRATEGICAL
STRATIGRAPHIC; STRATIGRAPHICAL
STRATOGRAPHIC; STRATOGRAPHICAL
STRENGER; STRENGEST
STREPSIPTER; STREPSIPTERAN
STRIATE; STRIATED
STROPHIOLATE; STROPHIOLATED
STYMIE; STIMY
SUBAHDARY; SUBAHSHIP
SUBAQUATIC; SUBAQUEOUS
SUBARACHNOID; SUBARACHNOIDAL
SUBARCUATE; SUBARCUATED
SUBCULTRATE; SUBCULTRATED
SUBCYLINDRICAL; SUBCYLINDRIC
SUBDEACONRY; SUBDEACONSHIP
SUBDUCE; SUBDUCT
SUBEROSE; SUBEROUS
SUBLUNAR; SUBLUNARY
SUBOCTAVE; SUBOCTUPLE
SUBORBICULAR; SUBORBICULATE
SUBORBITAL; SUBORBITAR
SUBORDINANCE; SUBORDINANCY
SUBSCAPULAR; SUBSCAPULARY
SUBSEQUENCE; SUBSEQUENCY
SUBSERVIENCE; SUBSERVIENCY
SUBSIDENCE; SUBSIDENCY
SUBTERFLUENT; SUBTERFLUOUS
SUBTERRANEAN; SUBTERRANEOUS
SUBULATE; SUBULATED
SUBURBIAL; SUBURBIAN
SUBURBICARIAN; SUBURBICARY
SUCCULENCE; SUCCULENCY
SULCATE; SULCATED
SUMAC; SUMACH
SUMMERSAULT; SUMMERSET
SUNRISE; SUNRISING
SUNSET; SUNSETTING
SUPEREMINENCE; SUPEREMINENCY
SUPERINCUMBENCE; SUPERINCUMBENCY
SUPERLUNAR; SUPERLUNARY
SUPPLEMENTAL; SUPPLEMENTARY
SUPPLETIVE; SUPPLETORY
SUPRACHOROID; SUPRACHOROIDAL
SUPRACONDYLAR; SUPRACONDYLOID
SUPRA-ESOPHAGAL; SUPRA-ESOPHAGEAL
SUPRALUNAR; SUPRALUNARY
SUPRANATURALIST; SUPRANATURALISTIC
SUPRAORBITAL; SUPRAORBITAR
SUPRAPUBIAN; SUPRAPUBIC
SUPRASCALPULAR; SUPRASCALPULARY
SUPRASPINATE; SUPRASPINOUS
SURFEL; SURFLE
SURQUEDOUS; SURQUEDROUS
SURQUEDRY; SURQUIDRY
SURVIVANCE; SURVIVANCY
SUSTER; SUSTRE
SWANKIE; SWANKY
SWAN'S-DOWN; SWANS-DOWN
SWASTIKA; SWASTICA
SYBARITIC; SYBARITICAL
SYCONIUM; SYCONUS
SYCOPHANTIC; SYCOPHANTICAL
SYLLABIC; SYLLABICAL
SYLLEPTIC; SYLLEPTICAL
SYLLOGISTIC; SYLLOGISTICAL
SYLVINE; SYLVITE
SYMAR; SYMARR
SYMBOLIC; SYMBOLICAL
SYMBOLISTIC; SYMBOLISTICAL
SYMPTOMATIC; SYMPTOMATICAL
SYNACME; SYNACMY
SYNAERESIS; SYNERESIS
SYNDACTYL; SYNDACTYLE
SYNDETIC; SYNDETICAL
SYNGENESIAN; SYNGENESIOUS
SYNODIC; SYNODICAL
SYNONYMIC; SYNONYMICAL
SYNOPTIC; SYNOPTICAL
SYNTACTIC; SYNTACTICAL
SYNTHETIC; SYNTHETICAL
SYRUP; SYRUPY
SYSTEMATIC; SYSTEMATICAL
SYTH; SYTHE
TABIFIC; TABIFICAL
TACAMAHAC; TACAMAHACA
TACHYGRAPHIC; TACHYGRAPHICAL
TACTIC; TACTICAL
TAEN; TA'EN
TAENIACIDE; TENIACIDE
TAENIAFUGE; TENIAFUGE
TAENIASIS; TENIASIS
TAFFETA; TAFFETY
TAIPING; TAEPING
TAJACU; TAJASSU
TALCOSE; TALCOUS
TALISMANIC; TALISMANICAL
TALLAGE; TALLIAGE
TALMUDIC; TALMUDICAL
TALOOK; TALUK
TALOOKDAR; TALUKDAR
TAMINE; TAMINY
TAMPICO FIBER; TAMPICO FIBRE
TANK SHIP; TANK VESSEL
TAPADERA; TAPADERO
TAPPICE; TAPPIS
TARSIA; TARSIATURA
TARTAREAN; TARTAREOUS
TARTARIAN; TARTARIC
TARTUFFE; TARTUFE
TARTUFFISH; TARTUFISH
TAUPIE; TAWPIE
TAUROCOL; TAUROCOLLA
TAUTOOUSIAN; TAUTOOUSIOUS
TEAD; TEADE
TELEOZOON; TELEOZOOEN
TELESCOPIC; TELESCOPICAL
TELESMATIC; TELESMATICAL
TELHARMONIUM; TELHARMONY
TELOTROCHAL; TELOTROCHOUS
TEMULENCE; TEMULENCY
TENDRILED; TENDRILLED
TENTACULATE; TENTACULATED
TENTHMETER; TENTHMETRE
TERGEMINAL; TERGEMINATE
TESLA COIL; TESLA TRANSFORMER
TEST; TESTA
TESTUDINATE; TESTUDINATED
TETRADACTYL; TETRADACTYLE
TETRADRACHM; TETRADRACHMA
TETRADYNAMIAN; TETRADYNAMOUS
TETRAGYNIAN; TETRAGYNOUS
TETRANDRIAN; TETRANDROUS
TETRAPHARMACOM; TETRAPHARMACUM
TETRASYLLABIC; TETRASYLLABICAL
TETRAZINE; TETRAZIN
TETRIC; TETRICAL
THACK; THACKER
THALAMIFLORAL; THALAMIFLOROUS
THAMMUZ; TAMMUZ
THAUMATURGIC; THAUMATURGICAL
THEANTHROPIC; THEANTHROPICAL
THEATER; THEATRE
THEATIN; THEATINE
THEISTIC; THEISTICAL
THENAL; THENAR
THEOCRATIC; THEOCRATICAL
THEOPATHETIC; THEOPATHIC
THEOREMATIC; THEOREMATICAL
THEORETIC; THEORETICAL
THEOSOPH; THEOSOPHER
THEOSOPHIC; THEOSOPHICAL
THERAPEUTIC; THERAPEUTICAL
THEREABOUT; THEREABOUTS
THEREBEFORE; THEREBIFORN
THERIAC; THERIACA
THERIAC; THERIACAL
THERMOANAESTHESIA; THERMOANESTHESIA
THERMOCHEMIC; THERMOCHEMICAL
THERMOELECTRIC COUPLE; THERMOELECTRIC PAIR
THERMOMETRIC; THERMOMETRICAL
THERMOTIC; THERMOTICAL
THEURGIC; THEURGICAL
THOMAEAN; THOMEAN
THOMAS PHOSPHATE; THOMAS SLAG
THOMISM; THOMAISM
THORP; THORPE
THOWEL; THOWL
THRASH; THRESH
THRASHER; THRESHER
THREE-LEAFED; THREE-LEAVED
THRENETIC; THRENETICAL
THUGGERY; THUGGISM
THYRSOID; THYRSOIDAL
TIDDER; TIDDLE
TIERCEL; TIERCELET
TIKUR; TIKOOR
TILLEY; TILLEY SEED
TIMBRELED; TIMBRELLED
TIMOTHY; TIMOTHY GRASS
TINKERSHIRE; TINKLE
TINTINNABULAR; TINTINNABULARY
TISIC; TISICAL
TITIVATE; TITTIVATE
TOBOGGANER; TOBOGGANIST
TOCCATELLA; TOCCATINA
TOFFEE; TOFFY
TOFORE; TOFORN
TOGIDER; TOGIDRES
TOLSTOYAN; TOLSTOIAN
TOLUOL; TOLUOLE
TONG; TONGE
TOOL-POST; TOOL-STOCK
TOPOGRAPHIC; TOPOGRAPHICAL
TORACE; TORASE
TORAH; TORA
TORAN; TORANA
TORRENTIAL; TORRENTINE
TOTEM POLE; TOTEM POST
TOUPEE; TOUPET
TOUSE; TOUZE
TOWARD; TOWARDS
TOWNWARD; TOWNWARDS
TOXAEMIA; TOXEMIA
TOXIC; TOXICAL
TOXIN; TOXINE
TRACKMASTER; ROADMASTER
TRACTOR SCREW; TRACTOR PROPELLER
TRADES UNION; TRADE UNION
TRADES-UNIONIST; TRADE-UNIONIST
TRADITIONER; TRADITIONIST
TRAGIC; TRAGICAL
TRAGI-COMIC; TRAGI-COMICAL
TRAIS; TRAYS
TRAJET; TRAJETOUR; TRAJETRY
TRANQUILIZATION; TRANQUILLIZATION
TRANQUILIZE; TRANQUILLIZE
TRANQUILIZER; TRANQUILLIZER
TRANQUILIZING; TRANQUILLIZING
TRANSCENDENCE; TRANSCENDENCY
TRANSELEMENT; TRANSELEMENTATE
TRANSFUGE; TRANSFUGITIVE
TRANSIENCE; TRANSIENCY
TRANSILIENCE; TRANSILIENCY
TRANSLUCENCE; TRANSLUCENCY
TRANSMEABLE; TRANSMEATABLE
TREACHETOUR; TREACHOUR
TREBUCHET; TREBUCKET
TREMULANT; TREMULENT
TRENCH-PLOW; TRENCH-PLOUGH
TRETIS; TRETYS
TREW; TREWE
TRIANDRIAN; TRIANDROUS
TRIBLET; TRIBOLET
TRIBROMOPHENOL; TRIBROMPHENOL
TRIBUAL; TRIBULAR
TRIBUNICIAN; TRIBUNITIAL; TRIBUNITIAN
TRICORPORAL; TRICORPORATE
TRIDACTYL; TRIDACTYLE
TRIDENTATE; TRIDENTATED
TRIFLORAL; TRIFLOROUS
TRIFOLIATE; TRIFOLIATED
TRIFURCATE; TRIFURCATED
TRIGLYPHIC; TRIGLYPHICAL
TRIGON; TRIGONID
TRIGONOMETRIC; TRIGONOMETRICAL
TRIGYNIAN; TRIGYNOUS
TRILITERALITY; TRILITERALNESS
TRILUMINAR; TRILUMINOUS
TRIMORPHIC; TRIMORPHOUS
TRINERVE; TRINERVED
TRIOBOLAR; TRIOBOLARY
TRIRADIATE; TRIRADIATED
TRISACCHARIDE; TRISACCHARID
TRISERIAL; TRISERIATE
TRISKELION; TRISKELE
TRISPAST; TRISPASTON
TRISTIGMATIC; TRISTIGMATOSE
TRISYLLABIC; TRISYLLABICAL
TRITHEISTIC; TRITHEISTICAL
TROCHAIC; TROCHAICAL
TROGLODYTIC; TROGLODYTICAL
TROLLEY; TROLLY
TROMP; TROMPE
TRONE; TRONES
TROPOLOGIC; TROPOLOGICAL
TROUVERE; TROUVEUR
TRUCULENCE; TRUCULENCY
TSARINA; TSARITSA
TUBERCULATE; TUBERCULATED
TUBERCULOSE; TUBERCULOUS
TUBULOSE; TUBULOUS
TUMBREL; TUMBRIL
TUNICATE; TUNICATED
TURBINATE; TURBINATED
TURGESCENCE; TURGESCENCY
TURQUOISE; TURQUOIS
TURRICULATE; TURRICULATED
TUSCHE; TUSHE; TOUSCHE
TUSSAH; TUSSEH
TUTELAR; TUTELARY
TU-WHIT; TU-WHOO
TUXEDO COAT; TUXEDO
TWADDELL; TWADDELL'S HYDROMETER
TWEAG; TWEAGUE
TWEESE; TWEEZE
TWO-PHASE; TWO-PHASER
TYPOGRAPHIC; TYPOGRAPHICAL
TYRANNIC; TYRANNICAL
TZARINA; TZARITZA
UBICATION; UBIETY
UBIQUIST; UBIQUITARIAN
UDAL; UDALBORN; UDALER; UDALMAN
UDALER; UDALMAN
ULCUSCLE; ULCUSCULE
ULIGINOSE; ULIGINOUS
UMBELLATE; UMBELLATED
UMBILICATE; UMBILICATED
UMBONATE; UMBONATED
UMBRATIC; UMBRATICAL
UMBRERE; UMBRIERE
UNADMISSIBLE; UNADMITTABLE
UNADULTERATE; UNADULTERATED
UNBEGOT; UNBEGOTTEN
UNBID; UNBIDDEN
UNBLESSED; UNBLEST
UNCENTER; UNCENTRE
UNCONCLUDENT; UNCONCLUDING
UNDERSLUNG; UNDERHUNG
UNDERTIDE; UNDERTIME
UNDREAMED; UNDREAMT
UNETH; UNETHES
UNGOT; UNGOTTEN
UNGUICULATE; UNGUICULATED
UNIAT; UNIATE
UNIVALVE; UNIVALVED
UNMITER; UNMITRE
UNMOLD; UNMOULD
UNNETHE; UNNETHES
UNREGENERATE; UNREGENERATED
UNRUINATE; UNRUINATED
UNSCEPTERED; UNSCEPTRED
UNSHAPED; UNSHAPEN
UNSOPHISTICATE; UNSOPHISTICATED
UNSUFFICIENCE; UNSUFFICIENCY
UNTHRIFTIHEAD; UNTHRIFTIHOOD
UNTRUSS; UNTRUSSER
UNWELD; UNWELDY
UPWARD; UPWARDS
UR; URE
URALIAN; URALIC
URANISCORAPHY; URANISCORRHAPHY
URAN-OCHER; URAN-OCHRE
URANOGRAPHIC; URANOGRAPHICAL
URARE; URARI
URCEOLATE; URCELATE
URINOSE; URINOUS
USBEGS; USBEKS
USURARIOUS; USURARY
UTRO; UTRO-; UTERO
VAGINATE; VAGINATED
VALIANCE; VALIANCY
VALVAL; VALVAR
VANDAL; VANDALIC
VANTBRACE; VANTBRASS
VAPOR PRESSURE; VAPOR TENSION
VEHM; VEHME
VELOUTE; SAUCE VELOUTE
VENATIC; VENATICAL
VENEFICIAL; VENEFICIOUS
VENTRICOSE; VENTRICOUS
VERDERER; VERDEROR
VERGALIEN; VERGALOO
VERMICULOSE; VERMICULOUS
VERSICOLOR; VERSICOLORED
VERTEBRATE; VERTEBRATED
VERTICILLATE; VERTICILLATED
VERY'S NIGHT SIGNALS; VERY NIGHT SIGNALS; VERY'S LIGHT SIGNALS; VERY
VESICULOSE; VESICULOUS
VESSES; VESSETS
VESSICNON; VESSIGNON
VEXILLAR; VEXILLARY
VICUNA; VICUNYA; VICUGNA
VIEWLY; VIEWSOME
VILLANOUS; VILLANOUSLY; VILLANOUSNESS
VIPEROIDEA; VIPEROIDES
VIRULENCE; VIRULENCY
VISCACHA; VIZ-CACHA
VISCOUNTSHIP; VISCOUNTY
VITIOUS; VITIOUSLY; VITIOUSNESS
VIVIFIC; VIVIFICAL
VOLAPUK; VOLAPUEK
VOLAPUKIST; VOLAPUEKIST
VOLATILENESS; VOLATILITY
VOLUBILATE; VOLUBILE
VUGG; VUGH
VULNIFIC; VULNIFICAL
WACKE; WACKY
WAD; WADD
-WARD; -WARDS
WARDENRY; WARDENSHIP
WATER FEATHER; WATER FEATHER-FOIL
WATERLANDER; WATERLANDIAN
WATER OUSEL; WATER OUZEL
WATER RATTLE; WATER RATTLER
WAUCHT; WAUGHT
WEDGE GAUGE; WEDGE GAGE
WEEL; WEELY
WEHRGELD; WEHRGELT
WEIGELA; WEIGELIA
WEIR; WEAR
WENDIC; WENDISH
WENNISH; WENNY
WERK; WERKE
WEST INDIA; WEST INDIAN
WESTWARD; WESTWARDS
WHAP; WHOP
WHAPPER; WHOPPER
WHAPPING; WHOPPING
WHARL; WHARLING
WHER; WHERE
WHEREABOUT; WHEREABOUTS
WHICHEVER; WHICHSOEVER
WHIMSEY; WHIMSY
WHISKEY; WHISKY
WHISKY; WHISKEY
WHISKYFIED; WHISKEYFIED
WHISKY RING; WHISKEY RING
WHITEHEAD TORPEDO; WHITEHEAD
WHYDAH BIRD; WHYDAH FINCH
WICK; WICH
WICLIFITE; WICKLIFFITE
WIDAL'S TEST; WIDAL TEST; WIDAL'S REACTION; WIDAL REACTION
WIDMANSTATTEN FIGURES; WIDMANSTAETTEN FIGURES
WIGG; WIG
WILFUL; WILFULLY; WILFULNESS
WILLIWAW; WILLYWAW
WINDLESTRAE; WINDLESTRAW
WITWAL; WITWALL
WIVER; WIVERN
WOEFUL; WOFUL
WOEFULLY; WOFULLY
WOEFULNESS; WOFULNESS
WOLVERENE; WOLVERINE
WOMANHEAD; WOMANHEDE
WOODHACK; WOODHACKER
WOODRUFF; WOODROOF
WOOD-WASH; WOOD-WAX; WOOD-WAXEN
WORKWAYS; WORKWISE
WORLDLYWISE; WORLDLY-WISE
WORRAL; WORREL
WOTEST; WOTTEST
WOTETH; WOTTETH
WRANNOCK; WRANNY
WREKE; WREEKE
WUST; WUSTE
WYCLIFITE; WYCLIFFITE
WYN; WYNN; WEN
WYTE; WYTEN
XANTHINE; XANTHIN
X RAYS; X-RAYS
XYLOGRAPHIC; XYLOGRAPHICAL
XYST; XYSTUS
Y-; I-
YAHWEH; YAHWE; JAHVEH; JAHVE
YAHWISM; JAHVISM
YAHWIST; JAHVIST; JAHWIST; JEHOVIST
YELDRIN; YELDRINE
YELLOWSHANKS; YELLOWSHINS
YESTEREVE; YESTER-EVENING
YESTERMORN; YESTER-MORNING
YEZIDEE; YEZIDI
YLICHE; YLIKE
YNOUGH; YNOW
YODEL; YODLE
YT; YT
YTTRO-COLUMBITE; YTTRO-TANTALITE
YUG; YUGA
ZABAISM; ZABISM
ZAMINDARY; ZAMINDARI
ZARATHUSTRIAN; ZARATHUSTRIC
ZARTHE; ZAERTHE
ZEBRULA; ZEBRULE
ZEMINDARY; ZEMINDARI
ZIBET; ZIBETH
ZIGGER; ZIGHYR
ZINCKING; ZINCING
ZINCOGRAPHIC; ZINCOGRAPHICAL
ZOCCO; ZOCCOLO
ZOO-; ZOOE-
ZOOCHEMICAL; ZOOECHEMICAL
ZOOCHEMISTRY; ZOOECHEMISTRY
ZOOCHEMY; ZOOECHEMY
ZOOCHLORELLA; ZOOECHLORELLA
ZOOCYST; ZOOECYST
ZOOCYTIUM; ZOOECYTIUM
ZOODENDRIUM; ZOOEDENDRIUM
ZOOERYTHRINE; ZOOEERYTHRINE
ZOOGAMOUS; ZOOEGAMOUS
ZOOGAMY; ZOOEGAMY
ZOOGENIC; ZOOEGENIC
ZOOGENY; ZOOEGENY; ZOOGONY; ZOOEGONY
ZOOGEOGRAPHICAL; ZOOEGEOGRAPHICAL
ZOOGEOGRAPHY; ZOOEGEOGRAPHY
ZOOGLOEA; ZOOEGLOEA
ZOOGRAPHER; ZOOEGRAPHER
ZOOGRAPHIC; ZOOEGRAPHIC; ZOOGRAPHICAL; ZOOEGRAPHICAL
ZOOGRAPHIST; ZOOEGRAPHIST
ZOOGRAPHY; ZOOEGRAPHY
ZOOLATRY; ZOOELATRY
ZOOLOGER; ZOOELOGER
ZOOLOGICAL; ZOOELOGICAL
ZOOLOGICALLY; ZOOELOGICALLY
ZOOLOGIST; ZOOELOGIST
ZOOLOGY; ZOOELOGY
ZOOMELANIN; ZOOEMELANIN
ZOOMORPHIC; ZOOEMORPHIC
ZOOMORPHISM; ZOOEMORPHISM
ZOON; ZOOEN
ZOONIC; ZOOENIC
ZOONITE; ZOOENITE
ZOONOMY; ZOOENOMY
ZOONULE; ZOOENULE
ZOOPATHOLOGY; ZOOEPATHOLOGY
ZOOPHAGA; ZOOEPHAGA
ZOOPHAGAN; ZOOEPHAGAN
ZOOPHAGOUS; ZOOEPHAGOUS
ZOOPHILIST; ZOOEPHILIST
ZOOPHILY; ZOOEPHILY
ZOOPHITE; ZOOEPHITE
ZOOPHORIC; ZOOEPHORIC
ZOOPHOROUS; ZOOEPHOROUS
ZOOPHYTA; ZOOEPHYTA
ZOOPHYTE; ZOOEPHYTE
ZOOPHYTIC; ZOOEPHYTIC; ZOOPHYTICAL; ZOOEPHYTICAL
ZOOPHYTOID; ZOOEPHYTOID
ZOOPHYTOLOGICAL; ZOOEPHYTOLOGICAL
ZOOPHYTOLOGY; ZOOEPHYTOLOGY
ZOOPRAXISCOPE; ZOOEPRAXISCOPE
ZOOPSYCHOLOGY; ZOOEPSYCHOLOGY
ZOOSPERM; ZOOESPERM
ZOOSPORANGIUM; ZOOESPORANGIUM
ZOOSPORE; ZOOESPORE
ZOOSPORIC; ZOOESPORIC
ZOOTIC; ZOOETIC
ZOOTOMICAL; ZOOETOMICAL
ZOOTOMIST; ZOOETOMIST
ZOOTOMY; ZOOETOMY
ZOOTROPHIC; ZOOETROPHIC
ZUMIC; ZUMOLOGICAL; ZUMOLOGY; ZUMOMETER
ZYGODACTYL; ZYGODACTYLE
ZYGODACTYLIC; ZYGODACTYLOUS
ZYGOMORPHIC; ZYGOMORPHOUS
ZYMOLOGIC; ZYMOLOGICAL
ZYMOMETER; ZYMOSIMETER
EOF